id,manufacturer,model,year,car_age,odometer_km,fuel,transmission,drivetrain,engine_displacement_l,engine_power_hp,cylinders,body_type,condition,city,country,price_pln
1,BMW,3 Series,2010,15,302676,Diesel,Manual,RWD,2.8,270,6,sedan,good,Rzeszów,Poland,23527
2,Skoda,Octavia,2017,8,5000,Diesel,Manual,FWD,1.2,138,4,liftback,good,Kraków,Poland,28701
3,Mazda,6,2016,9,52110,Diesel,Manual,FWD,1.8,176,4,sedan,good,Warszawa,Poland,41835
4,Mercedes-Benz,C-Class,2015,10,146019,Petrol,Automatic,RWD,2.3,211,4,sedan,excellent,Bydgoszcz,Poland,65834
5,Toyota,Corolla,2015,10,80964,Diesel,Manual,FWD,1.5,124,4,sedan,good,Gdańsk,Poland,20683
6,Mazda,6,2012,13,330570,Diesel,Manual,FWD,1.6,191,4,sedan,excellent,Poznań,Poland,23440
7,Toyota,RAV4,2021,4,66478,Diesel,Manual,AWD,2.6,193,6,suv,good,Poznań,Poland,94585
8,Opel,Astra,2014,11,109207,Petrol,Automatic,FWD,1.5,164,4,hatchback,fair,Wrocław,Poland,16290
9,Toyota,Corolla,2015,10,168457,LPG,Automatic,FWD,2.1,171,4,sedan,poor,Bydgoszcz,Poland,17133
10,Toyota,RAV4,2014,11,228957,LPG,Manual,AWD,1.3,168,4,suv,good,Kraków,Poland,25535
11,Toyota,RAV4,2015,10,284779,Petrol,Automatic,AWD,1.2,181,4,suv,good,Rzeszów,Poland,36094
12,Volkswagen,Golf,2016,9,277551,Petrol,Manual,FWD,1.8,149,4,hatchback,good,Bydgoszcz,Poland,30329
13,Hyundai,i30,2022,3,37503,Petrol,Automatic,FWD,1.3,160,4,hatchback,excellent,Białystok,Poland,61261
14,Renault,Megane,2009,16,202096,Diesel,Manual,FWD,1.2,132,4,hatchback,poor,Kraków,Poland,6614
15,Fiat,Tipo,2019,6,64967,Petrol,Manual,FWD,1.4,130,4,sedan,good,Katowice,Poland,36900
16,BMW,3 Series,2018,7,140491,Diesel,Manual,RWD,3.0,265,6,sedan,excellent,Szczecin,Poland,84201
17,Volkswagen,Passat,2016,9,133461,Petrol,Automatic,FWD,2.6,222,4,sedan,fair,Warszawa,Poland,33207
18,Dacia,Duster,2019,6,162432,Petrol,Manual,FWD,1.2,114,4,suv,fair,Warszawa,Poland,23988
19,Ford,Focus,2014,11,399065,Petrol,Manual,FWD,1.1,118,4,hatchback,poor,Kraków,Poland,13523
20,Tesla,Model 3,2018,7,189276,Electric,Manual,RWD,0.0,298,0,sedan,fair,Poznań,Poland,63397
21,Renault,Megane,2017,8,114728,Electric,Manual,FWD,0.0,159,0,hatchback,fair,Poznań,Poland,30235
22,Kia,Ceed,2011,14,412016,Diesel,Automatic,FWD,1.4,111,4,hatchback,fair,Białystok,Poland,16168
23,Peugeot,308,2020,5,95714,Petrol,Manual,FWD,1.6,173,4,hatchback,good,Katowice,Poland,44762
24,Opel,Astra,2019,6,28840,Petrol,Automatic,FWD,1.5,173,4,hatchback,good,Warszawa,Poland,51753
25,Volkswagen,Passat,2016,9,212147,Diesel,Automatic,FWD,2.6,204,4,sedan,good,Białystok,Poland,30462
26,Mercedes-Benz,C-Class,2012,13,330526,Petrol,Automatic,RWD,2.4,230,4,sedan,fair,Poznań,Poland,39036
27,Audi,A4,2012,13,106922,Petrol,Automatic,FWD,2.4,274,6,sedan,good,Bydgoszcz,Poland,39166
28,Audi,A4,2022,3,72250,Diesel,Automatic,FWD,2.2,231,6,sedan,excellent,Rzeszów,Poland,134412
29,Peugeot,308,2016,9,137187,Petrol,Automatic,FWD,2.3,165,4,hatchback,poor,Bydgoszcz,Poland,14659
30,Audi,A4,2017,8,97785,Diesel,Manual,FWD,2.3,223,6,sedan,fair,Białystok,Poland,54706
31,Peugeot,308,2017,8,138715,Petrol,Automatic,FWD,1.2,172,4,hatchback,fair,Szczecin,Poland,22334
32,Toyota,RAV4,2022,3,34930,Hybrid,Automatic,AWD,1.9,194,4,suv,new,Poznań,Poland,159301
33,Nissan,Qashqai,2014,11,245976,Petrol,Manual,AWD,2.1,182,4,suv,fair,Lublin,Poland,21982
34,Volkswagen,Passat,2012,13,94911,LPG,Manual,FWD,2.4,227,4,sedan,fair,Katowice,Poland,19921
35,Volkswagen,Passat,2017,8,92825,Petrol,Automatic,FWD,2.3,196,4,sedan,poor,Gdańsk,Poland,33944
36,Nissan,Leaf,2013,12,187851,Electric,Manual,FWD,0.0,160,0,hatchback,fair,Warszawa,Poland,23615
37,Volkswagen,Golf,2014,11,310980,Diesel,Automatic,FWD,0.9,102,4,hatchback,good,Wrocław,Poland,18964
38,Nissan,Leaf,2020,5,66286,Electric,Automatic,FWD,0.0,160,0,hatchback,good,Bydgoszcz,Poland,87152
39,Peugeot,308,2019,6,178674,Petrol,Manual,FWD,0.9,133,4,hatchback,fair,Szczecin,Poland,27035
40,Volkswagen,Passat,2017,8,264073,Diesel,Manual,FWD,1.5,176,4,sedan,poor,Łódź,Poland,34556
41,Fiat,Tipo,2021,4,15624,Hybrid,Automatic,FWD,1.3,130,4,sedan,excellent,Gdańsk,Poland,64004
42,Toyota,Yaris,2016,9,135734,Diesel,Manual,FWD,1.4,124,4,hatchback,good,Wrocław,Poland,24795
43,Kia,Ceed,2009,16,418583,Petrol,Automatic,FWD,1.1,104,4,hatchback,fair,Poznań,Poland,8503
44,Fiat,Tipo,2011,14,310694,Petrol,Manual,FWD,0.9,130,4,sedan,good,Łódź,Poland,10754
45,Nissan,Qashqai,2016,9,14357,Diesel,Automatic,FWD,2.1,190,4,suv,excellent,Kraków,Poland,45051
46,Ford,Focus,2015,10,248075,Petrol,Manual,FWD,1.1,104,3,hatchback,good,Kraków,Poland,16341
47,BMW,3 Series,2015,10,179993,Petrol,Manual,RWD,2.4,265,6,sedan,excellent,Szczecin,Poland,48068
48,Volkswagen,Passat,2009,16,257750,Diesel,Manual,FWD,1.5,121,4,sedan,excellent,Kraków,Poland,15938
49,Fiat,Tipo,2019,6,56101,Petrol,Manual,FWD,2.0,130,4,sedan,good,Łódź,Poland,31975
50,Ford,Focus,2019,6,67350,Petrol,Manual,FWD,2.2,171,4,hatchback,excellent,Łódź,Poland,32519
51,Toyota,Yaris,2015,10,116191,Petrol,Manual,FWD,1.4,91,4,hatchback,fair,Katowice,Poland,21931
52,Ford,Focus,2016,9,173508,Petrol,Manual,FWD,1.3,155,4,hatchback,fair,Gdańsk,Poland,17835
53,Renault,Megane,2009,16,279198,Petrol,Manual,FWD,0.9,108,3,hatchback,poor,Warszawa,Poland,6435
54,Volkswagen,Passat,2017,8,141417,Petrol,Manual,FWD,2.0,197,4,sedan,fair,Bydgoszcz,Poland,43262
55,Toyota,Yaris,2013,12,202340,Petrol,Manual,FWD,0.9,70,3,hatchback,fair,Lublin,Poland,13629
56,Skoda,Octavia,2025,0,6370,Petrol,Manual,FWD,1.7,149,4,liftback,new,Białystok,Poland,122649
57,Ford,Focus,2022,3,5000,LPG,Automatic,FWD,1.6,155,4,hatchback,excellent,Kraków,Poland,68440
58,Renault,Megane,2015,10,168267,Diesel,Manual,FWD,1.2,122,4,hatchback,poor,Szczecin,Poland,14315
59,BMW,3 Series,2025,0,6999,Petrol,Automatic,RWD,3.0,300,6,sedan,new,Kraków,Poland,328707
60,Nissan,Qashqai,2019,6,29938,Petrol,Automatic,FWD,1.9,182,4,suv,good,Białystok,Poland,56340
61,Opel,Astra,2016,9,146192,Petrol,Automatic,FWD,1.2,120,4,hatchback,fair,Gdańsk,Poland,20191
62,Fiat,Tipo,2020,5,62143,Diesel,Manual,FWD,1.4,100,3,sedan,good,Rzeszów,Poland,38398
63,Kia,Ceed,2008,17,237221,LPG,Manual,FWD,1.3,109,4,hatchback,good,Katowice,Poland,7522
64,Renault,Megane,2025,0,10903,Diesel,Automatic,FWD,1.5,125,4,hatchback,new,Łódź,Poland,75532
65,Hyundai,i30,2024,1,9552,Electric,Automatic,FWD,0.0,147,0,hatchback,excellent,Katowice,Poland,116857
66,Audi,A4,2015,10,95806,Petrol,Automatic,FWD,2.3,191,4,sedan,fair,Poznań,Poland,43871
67,Toyota,Corolla,2010,15,241134,Petrol,Automatic,FWD,1.6,102,4,sedan,excellent,Bydgoszcz,Poland,14708
68,Kia,Ceed,2014,11,247783,Petrol,Automatic,FWD,1.4,132,4,hatchback,good,Kraków,Poland,16438
69,Toyota,Corolla,2015,10,103177,Diesel,Manual,FWD,0.9,145,4,sedan,good,Warszawa,Poland,31708
70,Opel,Astra,2014,11,89294,Diesel,Manual,FWD,1.5,119,3,hatchback,fair,Rzeszów,Poland,15951
71,Volkswagen,Golf,2012,13,170116,Petrol,Automatic,FWD,1.2,132,4,hatchback,good,Poznań,Poland,18935
72,Hyundai,i30,2017,8,213988,Petrol,Manual,FWD,1.2,110,4,hatchback,good,Gdańsk,Poland,19828
73,Fiat,Tipo,2013,12,240085,Diesel,Manual,FWD,1.4,90,4,sedan,good,Kraków,Poland,7337
74,Toyota,RAV4,2020,5,74671,Petrol,Manual,AWD,2.0,218,4,suv,fair,Poznań,Poland,71522
75,Nissan,Leaf,2012,13,131088,Electric,Automatic,FWD,0.0,151,0,hatchback,poor,Kraków,Poland,20811
76,Renault,Megane,2020,5,69175,LPG,Manual,FWD,0.9,147,4,hatchback,excellent,Szczecin,Poland,45096
77,Volkswagen,Passat,2012,13,143980,Petrol,Manual,FWD,1.9,216,4,sedan,fair,Gdańsk,Poland,31985
78,Nissan,Qashqai,2014,11,166764,Petrol,Manual,FWD,1.4,155,4,suv,fair,Lublin,Poland,25855
79,Volkswagen,Passat,2012,13,214936,Petrol,Automatic,FWD,1.3,144,4,sedan,poor,Rzeszów,Poland,16873
80,Toyota,Yaris,2020,5,64149,Petrol,Automatic,FWD,0.9,82,4,hatchback,fair,Łódź,Poland,41585
81,Peugeot,308,2018,7,170555,Petrol,Manual,FWD,1.7,162,4,hatchback,good,Wrocław,Poland,33563
82,Volkswagen,Golf,2016,9,140961,LPG,Automatic,FWD,1.6,140,4,hatchback,poor,Łódź,Poland,19386
83,Dacia,Duster,2019,6,90667,Petrol,Manual,AWD,1.5,107,4,suv,excellent,Łódź,Poland,32326
84,Mazda,6,2008,17,281345,LPG,Automatic,FWD,2.0,164,4,sedan,poor,Poznań,Poland,9790
85,Audi,A4,2012,13,378543,LPG,Automatic,FWD,2.6,216,4,sedan,fair,Rzeszów,Poland,21164
86,BMW,3 Series,2014,11,65948,Petrol,Manual,RWD,2.6,250,6,sedan,good,Gdańsk,Poland,45169
87,Tesla,Model 3,2019,6,130587,Electric,Automatic,RWD,0.0,280,0,sedan,poor,Bydgoszcz,Poland,65737
88,Toyota,Corolla,2016,9,192315,Petrol,Manual,FWD,2.0,180,4,sedan,good,Rzeszów,Poland,23639
89,Volkswagen,Golf,2014,11,150931,Petrol,Automatic,FWD,1.4,164,4,hatchback,fair,Rzeszów,Poland,20960
90,Renault,Megane,2012,13,212094,Petrol,Automatic,FWD,1.6,140,4,hatchback,fair,Kraków,Poland,14597
91,Volkswagen,Passat,2008,17,227942,Petrol,Manual,FWD,1.7,153,4,sedan,excellent,Katowice,Poland,12117
92,Dacia,Duster,2008,17,291864,Petrol,Automatic,FWD,1.4,125,4,suv,fair,Rzeszów,Poland,4887
93,Peugeot,308,2019,6,154395,Diesel,Automatic,FWD,1.9,180,4,hatchback,fair,Wrocław,Poland,26674
94,Skoda,Octavia,2017,8,146191,Petrol,Automatic,FWD,1.5,153,4,liftback,good,Białystok,Poland,32272
95,Peugeot,308,2022,3,60176,Petrol,Automatic,FWD,1.8,147,4,hatchback,fair,Bydgoszcz,Poland,42397
96,Volkswagen,Passat,2016,9,166859,Diesel,Manual,FWD,1.4,178,4,sedan,fair,Poznań,Poland,35275
97,Volkswagen,Golf,2017,8,105519,Diesel,Automatic,FWD,0.9,92,4,hatchback,good,Wrocław,Poland,24475
98,Mazda,6,2011,14,313105,Diesel,Manual,FWD,1.9,152,4,sedan,good,Lublin,Poland,15499
99,Peugeot,308,2009,16,202294,LPG,Manual,FWD,1.1,144,4,hatchback,poor,Szczecin,Poland,8673
100,Ford,Focus,2017,8,180714,Diesel,Automatic,FWD,1.8,155,4,hatchback,fair,Gdańsk,Poland,25805
101,Ford,Focus,2012,13,359063,Petrol,Manual,FWD,0.9,100,3,hatchback,fair,Rzeszów,Poland,12721
102,Volkswagen,Golf,2015,10,247379,Petrol,Automatic,FWD,1.4,127,4,hatchback,excellent,Bydgoszcz,Poland,26772
103,Ford,Focus,2014,11,285288,Diesel,Manual,FWD,1.3,138,4,hatchback,good,Białystok,Poland,16466
104,Volkswagen,Golf,2015,10,135467,Diesel,Automatic,FWD,1.7,113,3,hatchback,excellent,Poznań,Poland,32464
105,Nissan,Qashqai,2016,9,148787,Diesel,Automatic,AWD,1.9,168,4,suv,poor,Rzeszów,Poland,26940
106,Mercedes-Benz,C-Class,2017,8,225979,Petrol,Manual,RWD,2.4,250,6,sedan,poor,Łódź,Poland,52007
107,Toyota,RAV4,2018,7,94027,Hybrid,Automatic,AWD,2.2,220,6,suv,good,Warszawa,Poland,75616
108,Kia,Ceed,2014,11,97633,Diesel,Manual,FWD,1.2,147,4,hatchback,poor,Poznań,Poland,12391
109,Volkswagen,Golf,2017,8,253617,Petrol,Automatic,FWD,1.3,131,4,hatchback,good,Warszawa,Poland,35761
110,Renault,Megane,2022,3,63330,Diesel,Automatic,FWD,1.5,150,4,hatchback,poor,Łódź,Poland,34955
111,Skoda,Octavia,2015,10,266456,Petrol,Automatic,FWD,1.7,140,4,liftback,good,Szczecin,Poland,16639
112,Audi,A4,2010,15,327670,Hybrid,Automatic,FWD,1.7,233,4,sedan,poor,Gdańsk,Poland,17541
113,Mercedes-Benz,C-Class,2018,7,30354,Petrol,Manual,RWD,2.5,260,6,sedan,fair,Kraków,Poland,128364
114,Dacia,Duster,2020,5,84910,Petrol,Manual,FWD,1.3,130,4,suv,fair,Poznań,Poland,24482
115,Toyota,RAV4,2013,12,212472,LPG,Automatic,AWD,1.6,185,4,suv,excellent,Katowice,Poland,30080
116,Toyota,RAV4,2011,14,309818,Petrol,Automatic,AWD,1.8,155,4,suv,poor,Bydgoszcz,Poland,15746
117,Kia,Ceed,2025,0,12202,Petrol,Automatic,FWD,2.0,160,4,hatchback,new,Łódź,Poland,89321
118,Peugeot,308,2023,2,25563,Electric,Manual,FWD,0.0,157,0,hatchback,good,Poznań,Poland,84841
119,Mazda,6,2023,2,35535,Petrol,Automatic,FWD,2.3,208,6,sedan,excellent,Rzeszów,Poland,128317
120,Dacia,Duster,2016,9,41218,Diesel,Automatic,FWD,0.9,90,3,suv,excellent,Lublin,Poland,19245
121,Renault,Megane,2020,5,68044,LPG,Automatic,FWD,1.1,120,4,hatchback,good,Szczecin,Poland,39248
122,BMW,3 Series,2022,3,64739,Diesel,Automatic,RWD,3.3,281,6,sedan,excellent,Rzeszów,Poland,146235
123,Nissan,Qashqai,2012,13,97529,Petrol,Manual,FWD,0.9,150,4,suv,fair,Lublin,Poland,20099
124,Hyundai,i30,2013,12,82230,Diesel,Manual,FWD,1.9,125,4,hatchback,good,Wrocław,Poland,18683
125,Renault,Megane,2022,3,38068,Diesel,Automatic,FWD,1.9,142,4,hatchback,fair,Gdańsk,Poland,53211
126,Toyota,Corolla,2018,7,105931,Hybrid,Manual,FWD,1.6,139,4,sedan,good,Wrocław,Poland,37011
127,Dacia,Duster,2024,1,14904,Petrol,Automatic,AWD,1.4,121,4,suv,excellent,Poznań,Poland,68224
128,Volkswagen,Passat,2016,9,187472,Petrol,Manual,FWD,2.5,240,4,sedan,good,Bydgoszcz,Poland,35994
129,Kia,Ceed,2009,16,158641,Electric,Manual,FWD,0.0,151,0,hatchback,good,Białystok,Poland,14156
130,Toyota,Yaris,2023,2,9409,Petrol,Manual,FWD,1.0,100,4,hatchback,excellent,Białystok,Poland,79617
131,Peugeot,308,2016,9,61796,Petrol,Automatic,FWD,1.9,180,4,hatchback,excellent,Gdańsk,Poland,36672
132,Skoda,Octavia,2016,9,127196,Petrol,Manual,FWD,1.8,191,4,liftback,fair,Bydgoszcz,Poland,25069
133,Skoda,Octavia,2009,16,398660,Petrol,Automatic,FWD,1.4,145,4,liftback,good,Katowice,Poland,10204
134,Kia,Ceed,2018,7,38064,Petrol,Automatic,FWD,1.1,91,4,hatchback,good,Szczecin,Poland,39229
135,Nissan,Qashqai,2025,0,6460,LPG,Manual,FWD,2.0,184,4,suv,new,Katowice,Poland,130215
136,Volkswagen,Passat,2010,15,152741,Hybrid,Automatic,FWD,2.1,212,6,sedan,fair,Szczecin,Poland,22677
137,Mazda,6,2016,9,35295,Petrol,Manual,FWD,1.7,166,4,sedan,poor,Łódź,Poland,35598
138,Mercedes-Benz,C-Class,2016,9,5000,Diesel,Manual,RWD,2.6,240,4,sedan,excellent,Poznań,Poland,99073
139,Nissan,Leaf,2016,9,107807,Electric,Manual,FWD,0.0,136,0,hatchback,fair,Wrocław,Poland,30166
140,Peugeot,308,2020,5,34543,Petrol,Automatic,FWD,1.1,120,4,hatchback,good,Białystok,Poland,59352
141,Hyundai,i30,2014,11,14216,Petrol,Manual,FWD,1.3,117,4,hatchback,excellent,Lublin,Poland,22738
142,Volkswagen,Passat,2018,7,110853,Diesel,Manual,FWD,1.8,162,4,sedan,good,Kraków,Poland,46470
143,BMW,3 Series,2023,2,5000,Diesel,Automatic,RWD,3.0,247,4,sedan,excellent,Warszawa,Poland,194683
144,Volkswagen,Golf,2013,12,249234,Diesel,Automatic,FWD,1.8,143,4,hatchback,fair,Kraków,Poland,15507
145,Skoda,Octavia,2012,13,331242,Diesel,Manual,FWD,1.5,151,4,liftback,excellent,Wrocław,Poland,11491
146,BMW,3 Series,2011,14,369242,Petrol,Manual,RWD,3.0,276,6,sedan,good,Rzeszów,Poland,28838
147,BMW,3 Series,2021,4,54235,Diesel,Automatic,RWD,2.7,246,6,sedan,fair,Wrocław,Poland,133203
148,Hyundai,i30,2024,1,33099,Petrol,Manual,FWD,0.9,119,4,hatchback,good,Rzeszów,Poland,69573
149,Fiat,Tipo,2014,11,145999,Diesel,Automatic,FWD,1.2,130,4,sedan,fair,Szczecin,Poland,15144
150,Mazda,6,2019,6,80695,Petrol,Automatic,FWD,1.7,176,4,sedan,good,Katowice,Poland,59038
151,Ford,Focus,2018,7,165816,Petrol,Automatic,FWD,1.0,98,4,hatchback,fair,Kraków,Poland,27137
152,Mazda,6,2020,5,46565,Petrol,Manual,FWD,1.5,174,4,sedan,fair,Szczecin,Poland,68819
153,Hyundai,i30,2009,16,189206,Petrol,Automatic,FWD,1.2,120,4,hatchback,fair,Szczecin,Poland,7829
154,Skoda,Octavia,2011,14,274818,Electric,Automatic,FWD,0.0,187,0,liftback,poor,Katowice,Poland,10223
155,Renault,Megane,2009,16,5000,Diesel,Manual,FWD,1.5,152,4,hatchback,fair,Lublin,Poland,13511
156,Volkswagen,Golf,2022,3,128339,Diesel,Automatic,FWD,2.0,180,4,hatchback,excellent,Białystok,Poland,80988
157,Volkswagen,Golf,2021,4,75165,Petrol,Manual,FWD,1.5,166,4,hatchback,good,Gdańsk,Poland,54755
158,Volkswagen,Passat,2018,7,68485,Petrol,Automatic,FWD,2.0,206,6,sedan,fair,Białystok,Poland,46029
159,Audi,A4,2024,1,20393,Petrol,Manual,FWD,2.0,218,4,sedan,excellent,Warszawa,Poland,198911
160,Toyota,RAV4,2020,5,68824,Hybrid,Automatic,AWD,2.0,195,4,suv,good,Rzeszów,Poland,89541
161,Mercedes-Benz,C-Class,2020,5,118277,Petrol,Automatic,RWD,1.9,222,6,sedan,good,Bydgoszcz,Poland,94763
162,Nissan,Qashqai,2012,13,130789,Diesel,Manual,FWD,2.1,190,4,suv,good,Kraków,Poland,17824
163,BMW,3 Series,2017,8,168288,Petrol,Automatic,RWD,2.8,257,6,sedan,good,Rzeszów,Poland,52713
164,Opel,Astra,2018,7,59358,Petrol,Manual,FWD,1.5,173,4,hatchback,fair,Białystok,Poland,30124
165,Opel,Astra,2011,14,270625,Petrol,Automatic,FWD,1.3,151,4,hatchback,fair,Gdańsk,Poland,10013
166,Ford,Focus,2017,8,84871,Diesel,Automatic,FWD,1.7,118,3,hatchback,fair,Rzeszów,Poland,28513
167,Volkswagen,Golf,2013,12,207672,Petrol,Automatic,FWD,0.9,124,4,hatchback,poor,Łódź,Poland,14290
168,Fiat,Tipo,2014,11,237261,Diesel,Manual,FWD,1.5,115,3,sedan,fair,Kraków,Poland,10716
169,Ford,Focus,2017,8,82859,Diesel,Automatic,FWD,1.9,172,4,hatchback,good,Gdańsk,Poland,27558
170,Mazda,6,2024,1,18112,LPG,Automatic,FWD,2.4,210,4,sedan,excellent,Szczecin,Poland,134124
171,Fiat,Tipo,2014,11,190487,LPG,Automatic,FWD,1.6,103,3,sedan,excellent,Wrocław,Poland,11559
172,Fiat,Tipo,2016,9,225755,Electric,Automatic,FWD,0.0,130,0,sedan,fair,Lublin,Poland,15256
173,Volkswagen,Golf,2014,11,400024,Diesel,Automatic,FWD,1.5,143,4,hatchback,good,Warszawa,Poland,20771
174,Opel,Astra,2017,8,133281,Petrol,Automatic,FWD,0.9,89,4,hatchback,poor,Bydgoszcz,Poland,16425
175,Hyundai,i30,2013,12,140299,Petrol,Manual,FWD,1.9,148,4,hatchback,fair,Bydgoszcz,Poland,19352
176,Ford,Focus,2014,11,196553,Petrol,Automatic,FWD,1.4,169,4,hatchback,excellent,Gdańsk,Poland,21974
177,Toyota,Corolla,2014,11,193824,Diesel,Automatic,FWD,1.0,92,3,sedan,excellent,Białystok,Poland,22755
178,Nissan,Qashqai,2010,15,319821,Diesel,Automatic,AWD,1.9,156,4,suv,fair,Wrocław,Poland,10657
179,Ford,Focus,2011,14,320267,Petrol,Automatic,FWD,1.0,130,4,hatchback,excellent,Białystok,Poland,12855
180,Toyota,Yaris,2016,9,162523,Hybrid,Automatic,FWD,1.1,130,4,hatchback,good,Kraków,Poland,26721
181,Volkswagen,Passat,2024,1,5000,Diesel,Manual,FWD,2.2,227,4,sedan,fair,Rzeszów,Poland,114796
182,Renault,Megane,2020,5,77139,Diesel,Manual,FWD,1.9,139,4,hatchback,excellent,Gdańsk,Poland,45036
183,Volkswagen,Passat,2021,4,103431,LPG,Automatic,FWD,1.5,128,4,sedan,good,Rzeszów,Poland,76298
184,Renault,Megane,2014,11,227477,Diesel,Automatic,FWD,2.0,160,4,hatchback,good,Białystok,Poland,13768
185,Audi,A4,2016,9,262491,Hybrid,Automatic,FWD,2.9,235,4,sedan,excellent,Katowice,Poland,50797
186,Ford,Focus,2010,15,94568,Petrol,Automatic,FWD,0.9,111,4,hatchback,excellent,Poznań,Poland,16474
187,Renault,Megane,2013,12,75429,LPG,Manual,FWD,1.1,132,4,hatchback,good,Wrocław,Poland,16914
188,Fiat,Tipo,2008,17,420000,Electric,Manual,FWD,0.0,90,0,sedan,good,Łódź,Poland,4900
189,Audi,A4,2017,8,97171,Diesel,Automatic,FWD,2.7,257,6,sedan,good,Wrocław,Poland,70222
190,Volkswagen,Golf,2023,2,40465,Petrol,Manual,FWD,1.2,129,4,hatchback,good,Białystok,Poland,68834
191,Volkswagen,Golf,2014,11,152869,Diesel,Manual,FWD,1.6,149,4,hatchback,fair,Białystok,Poland,21077
192,Nissan,Qashqai,2020,5,76465,LPG,Manual,FWD,1.2,174,4,suv,good,Warszawa,Poland,46949
193,Renault,Megane,2008,17,420000,Diesel,Automatic,FWD,2.2,151,4,hatchback,good,Katowice,Poland,6130
194,Toyota,RAV4,2014,11,309065,LPG,Automatic,AWD,1.3,188,4,suv,fair,Łódź,Poland,30291
195,Kia,Ceed,2011,14,346281,Petrol,Automatic,FWD,1.4,96,4,hatchback,good,Lublin,Poland,12902
196,Volkswagen,Golf,2008,17,280129,Petrol,Manual,FWD,1.7,169,4,hatchback,fair,Warszawa,Poland,9345
197,Skoda,Octavia,2013,12,233551,Petrol,Manual,FWD,1.4,147,4,liftback,good,Kraków,Poland,15455
198,Volkswagen,Golf,2014,11,321678,Petrol,Automatic,FWD,1.5,131,4,hatchback,fair,Łódź,Poland,17472
199,Dacia,Duster,2015,10,121460,Petrol,Manual,FWD,1.2,99,4,suv,good,Gdańsk,Poland,18136
200,Toyota,RAV4,2012,13,162485,Petrol,Automatic,AWD,1.9,161,4,suv,good,Poznań,Poland,22649
201,Mercedes-Benz,C-Class,2015,10,324059,Diesel,Automatic,RWD,2.8,264,6,sedan,fair,Warszawa,Poland,44270
202,Opel,Astra,2017,8,201880,Petrol,Automatic,FWD,1.5,145,4,hatchback,good,Poznań,Poland,24089
203,Fiat,Tipo,2017,8,179637,Diesel,Manual,FWD,1.5,119,3,sedan,good,Katowice,Poland,16702
204,Opel,Astra,2025,0,6652,Diesel,Automatic,FWD,1.9,180,6,hatchback,new,Kraków,Poland,99298
205,Ford,Focus,2020,5,110129,Petrol,Manual,FWD,2.0,176,4,hatchback,good,Kraków,Poland,41745
206,BMW,3 Series,2012,13,223859,Petrol,Automatic,RWD,2.6,234,4,sedan,fair,Bydgoszcz,Poland,31697
207,Skoda,Octavia,2019,6,154952,Diesel,Automatic,FWD,2.1,164,4,liftback,excellent,Lublin,Poland,34309
208,Audi,A4,2015,10,122552,Petrol,Manual,FWD,1.9,185,4,sedan,fair,Kraków,Poland,49745
209,Volkswagen,Golf,2020,5,60291,Petrol,Manual,FWD,1.5,169,4,hatchback,fair,Białystok,Poland,59250
210,Toyota,RAV4,2015,10,71191,Diesel,Automatic,AWD,1.9,211,4,suv,poor,Wrocław,Poland,21985
211,Renault,Megane,2016,9,126278,Diesel,Manual,FWD,1.8,152,4,hatchback,poor,Wrocław,Poland,20561
212,Skoda,Octavia,2025,0,666,Petrol,Automatic,FWD,1.5,164,4,liftback,new,Rzeszów,Poland,120645
213,Kia,Ceed,2012,13,292417,Petrol,Automatic,FWD,1.2,108,4,hatchback,good,Lublin,Poland,12641
214,Nissan,Qashqai,2017,8,141659,Petrol,Automatic,FWD,1.6,145,4,suv,fair,Białystok,Poland,28215
215,Tesla,Model 3,2018,7,170775,Electric,Manual,RWD,0.0,299,0,sedan,good,Wrocław,Poland,69540
216,Mercedes-Benz,C-Class,2018,7,50917,Petrol,Automatic,RWD,2.8,235,6,sedan,fair,Gdańsk,Poland,103038
217,Ford,Focus,2010,15,255256,Diesel,Automatic,FWD,1.1,114,4,hatchback,fair,Białystok,Poland,10630
218,Audi,A4,2009,16,231504,LPG,Manual,FWD,2.0,209,4,sedan,fair,Katowice,Poland,19271
219,Volkswagen,Golf,2013,12,30683,Petrol,Manual,FWD,0.9,131,4,hatchback,good,Szczecin,Poland,33934
220,Volkswagen,Golf,2019,6,120036,Petrol,Automatic,FWD,1.5,172,4,hatchback,fair,Poznań,Poland,44837
221,Skoda,Octavia,2016,9,148622,Petrol,Manual,FWD,1.5,176,4,liftback,fair,Białystok,Poland,21056
222,Volkswagen,Golf,2009,16,269608,Hybrid,Automatic,FWD,1.7,147,4,hatchback,fair,Bydgoszcz,Poland,8677
223,Volkswagen,Golf,2012,13,115215,Petrol,Automatic,FWD,1.2,118,4,hatchback,poor,Bydgoszcz,Poland,16277
224,Volkswagen,Passat,2016,9,57831,Petrol,Manual,FWD,2.4,221,4,sedan,excellent,Poznań,Poland,53410
225,Audi,A4,2021,4,60285,Petrol,Automatic,FWD,1.8,234,6,sedan,good,Bydgoszcz,Poland,99384
226,Tesla,Model 3,2018,7,58128,Electric,Automatic,RWD,0.0,302,0,sedan,fair,Gdańsk,Poland,79448
227,Ford,Focus,2008,17,337189,Petrol,Automatic,FWD,1.1,123,4,hatchback,poor,Szczecin,Poland,5971
228,Toyota,Corolla,2008,17,420000,Petrol,Automatic,FWD,1.1,97,4,sedan,poor,Rzeszów,Poland,5182
229,Nissan,Qashqai,2016,9,180157,Diesel,Manual,FWD,1.1,127,4,suv,fair,Rzeszów,Poland,25172
230,Mazda,6,2014,11,121932,Petrol,Automatic,FWD,1.8,186,6,sedan,excellent,Łódź,Poland,32352
231,Ford,Focus,2012,13,201961,LPG,Automatic,FWD,0.9,97,3,hatchback,good,Lublin,Poland,16016
232,Hyundai,i30,2008,17,339734,Diesel,Manual,FWD,1.2,141,4,hatchback,good,Białystok,Poland,7615
233,Nissan,Qashqai,2016,9,83577,Hybrid,Automatic,FWD,1.9,176,4,suv,fair,Lublin,Poland,54997
234,Toyota,Yaris,2019,6,136692,Diesel,Manual,FWD,0.9,103,3,hatchback,good,Kraków,Poland,31445
235,Dacia,Duster,2008,17,342484,Petrol,Automatic,FWD,1.0,127,4,suv,poor,Poznań,Poland,4192
236,Opel,Astra,2013,12,122657,Petrol,Automatic,FWD,0.9,85,3,hatchback,good,Poznań,Poland,15122
237,Volkswagen,Golf,2019,6,81965,Petrol,Manual,FWD,1.9,157,4,hatchback,fair,Kraków,Poland,38170
238,Skoda,Octavia,2019,6,73824,Diesel,Automatic,FWD,2.6,191,4,liftback,excellent,Łódź,Poland,51703
239,Mazda,6,2018,7,66238,Diesel,Automatic,FWD,2.8,196,4,sedan,good,Warszawa,Poland,92103
240,Nissan,Qashqai,2018,7,144737,LPG,Automatic,FWD,2.2,190,6,suv,good,Katowice,Poland,33801
241,BMW,3 Series,2017,8,191699,LPG,Automatic,RWD,3.1,297,6,sedan,fair,Białystok,Poland,46610
242,Audi,A4,2015,10,234446,Diesel,Automatic,FWD,2.3,207,6,sedan,fair,Poznań,Poland,32414
243,Fiat,Tipo,2018,7,19386,Petrol,Automatic,FWD,1.2,130,4,sedan,excellent,Katowice,Poland,29535
244,Fiat,Tipo,2020,5,122650,Diesel,Automatic,FWD,1.0,90,4,sedan,good,Poznań,Poland,26001
245,Toyota,RAV4,2021,4,60863,Petrol,Manual,AWD,1.5,164,4,suv,good,Warszawa,Poland,72156
246,Toyota,RAV4,2015,10,144783,Diesel,Automatic,AWD,2.0,190,4,suv,good,Kraków,Poland,43037
247,Toyota,Yaris,2017,8,134976,Petrol,Automatic,FWD,1.4,91,3,hatchback,fair,Bydgoszcz,Poland,21140
248,Mercedes-Benz,C-Class,2011,14,45430,Petrol,Manual,RWD,2.2,219,4,sedan,excellent,Rzeszów,Poland,43523
249,Volkswagen,Passat,2015,10,190613,Diesel,Automatic,FWD,2.2,167,4,sedan,fair,Warszawa,Poland,30749
250,Toyota,RAV4,2018,7,46729,Hybrid,Automatic,AWD,1.9,188,4,suv,excellent,Poznań,Poland,81777
251,Mercedes-Benz,C-Class,2015,10,181350,Diesel,Automatic,RWD,2.8,253,6,sedan,excellent,Kraków,Poland,55988
252,Hyundai,i30,2015,10,198598,Diesel,Manual,FWD,1.5,92,4,hatchback,good,Warszawa,Poland,20918
253,Hyundai,i30,2017,8,135317,Petrol,Manual,FWD,1.3,113,4,hatchback,fair,Łódź,Poland,30217
254,Volkswagen,Passat,2018,7,141558,Petrol,Automatic,FWD,2.1,210,6,sedan,excellent,Kraków,Poland,68175
255,BMW,3 Series,2016,9,118806,Petrol,Automatic,RWD,2.5,261,6,sedan,fair,Białystok,Poland,72653
256,Toyota,Corolla,2013,12,420000,LPG,Manual,FWD,1.0,120,4,sedan,good,Poznań,Poland,16170
257,Volkswagen,Golf,2016,9,48728,LPG,Manual,FWD,1.1,124,4,hatchback,good,Gdańsk,Poland,39635
258,Toyota,Yaris,2014,11,209635,Diesel,Automatic,FWD,1.0,114,3,hatchback,good,Rzeszów,Poland,13285
259,Opel,Astra,2008,17,420000,Diesel,Manual,FWD,1.2,117,4,hatchback,good,Lublin,Poland,6789
260,Ford,Focus,2014,11,139918,Petrol,Automatic,FWD,1.9,182,4,hatchback,fair,Poznań,Poland,21254
261,Mercedes-Benz,C-Class,2011,14,204937,Diesel,Manual,RWD,2.8,249,4,sedan,good,Białystok,Poland,43214
262,Volkswagen,Passat,2014,11,174505,Petrol,Manual,FWD,1.4,178,4,sedan,excellent,Wrocław,Poland,33556
263,Audi,A4,2012,13,173270,Diesel,Automatic,FWD,3.2,239,4,sedan,fair,Bydgoszcz,Poland,31864
264,Skoda,Octavia,2008,17,314258,Petrol,Manual,FWD,1.3,162,4,liftback,good,Katowice,Poland,8495
265,Skoda,Octavia,2011,14,347636,Petrol,Manual,FWD,1.3,138,4,liftback,fair,Katowice,Poland,10598
266,Volkswagen,Golf,2025,0,11987,Petrol,Manual,FWD,2.1,162,4,hatchback,excellent,Lublin,Poland,126511
267,Ford,Focus,2017,8,163603,Petrol,Manual,FWD,1.2,123,4,hatchback,good,Poznań,Poland,25735
268,Opel,Astra,2020,5,72714,Petrol,Automatic,FWD,1.2,100,3,hatchback,good,Lublin,Poland,38737
269,BMW,3 Series,2015,10,262124,Diesel,Automatic,RWD,2.6,268,6,sedan,fair,Szczecin,Poland,41290
270,Volkswagen,Golf,2022,3,88347,Diesel,Automatic,FWD,2.1,152,4,hatchback,excellent,Poznań,Poland,79516
271,Hyundai,i30,2022,3,33435,LPG,Automatic,FWD,1.6,147,4,hatchback,excellent,Kraków,Poland,67157
272,Renault,Megane,2017,8,102355,Petrol,Automatic,FWD,0.9,111,4,hatchback,good,Kraków,Poland,27624
273,Nissan,Qashqai,2009,16,142487,Petrol,Automatic,AWD,1.9,161,4,suv,fair,Rzeszów,Poland,15577
274,Toyota,Yaris,2011,14,287842,Petrol,Manual,FWD,0.9,116,3,hatchback,fair,Szczecin,Poland,10261
275,Dacia,Duster,2010,15,370785,Petrol,Manual,FWD,0.9,94,3,suv,good,Łódź,Poland,6968
276,Volkswagen,Golf,2008,17,251509,LPG,Automatic,FWD,1.4,146,4,hatchback,poor,Szczecin,Poland,7440
277,Toyota,Corolla,2017,8,107064,Petrol,Automatic,FWD,1.5,174,4,sedan,poor,Szczecin,Poland,22805
278,Volkswagen,Golf,2014,11,236103,Diesel,Manual,FWD,1.4,108,3,hatchback,fair,Lublin,Poland,19991
279,Volkswagen,Golf,2018,7,174521,Diesel,Automatic,FWD,2.0,150,4,hatchback,fair,Bydgoszcz,Poland,40592
280,Audi,A4,2013,12,161629,LPG,Automatic,FWD,1.7,238,4,sedan,poor,Warszawa,Poland,28934
281,Renault,Megane,2019,6,78719,Diesel,Automatic,FWD,1.6,149,4,hatchback,excellent,Rzeszów,Poland,53856
282,Kia,Ceed,2016,9,120344,Petrol,Automatic,FWD,1.1,103,4,hatchback,fair,Rzeszów,Poland,26509
283,Skoda,Octavia,2018,7,215017,Diesel,Automatic,FWD,1.9,155,4,liftback,fair,Rzeszów,Poland,23863
284,Renault,Megane,2014,11,201864,Diesel,Manual,FWD,1.2,116,3,hatchback,good,Kraków,Poland,16036
285,Fiat,Tipo,2012,13,294842,Petrol,Automatic,FWD,1.1,108,4,sedan,good,Warszawa,Poland,10348
286,Ford,Focus,2016,9,116468,Hybrid,Automatic,FWD,1.1,137,4,hatchback,excellent,Szczecin,Poland,29735
287,Ford,Focus,2012,13,165597,Petrol,Manual,FWD,1.5,134,4,hatchback,good,Bydgoszcz,Poland,14968
288,Toyota,RAV4,2020,5,60530,Petrol,Automatic,AWD,1.8,175,4,suv,good,Łódź,Poland,87403
289,Toyota,RAV4,2012,13,343389,Petrol,Automatic,AWD,1.5,181,4,suv,fair,Kraków,Poland,20996
290,Toyota,RAV4,2012,13,5000,Diesel,Automatic,AWD,2.1,185,4,suv,good,Poznań,Poland,29586
291,Toyota,Corolla,2019,6,160905,Diesel,Manual,FWD,1.8,137,4,sedan,poor,Poznań,Poland,19745
292,Mercedes-Benz,C-Class,2011,14,218785,Petrol,Automatic,RWD,3.3,284,6,sedan,fair,Poznań,Poland,26349
293,Opel,Astra,2018,7,138991,Petrol,Automatic,FWD,1.0,129,4,hatchback,good,Białystok,Poland,32813
294,Toyota,Yaris,2014,11,125547,Petrol,Automatic,FWD,0.9,88,4,hatchback,poor,Lublin,Poland,13016
295,Kia,Ceed,2018,7,65973,LPG,Manual,FWD,1.6,144,4,hatchback,good,Wrocław,Poland,30464
296,Ford,Focus,2018,7,79567,Petrol,Automatic,FWD,1.1,129,4,hatchback,fair,Szczecin,Poland,24276
297,Hyundai,i30,2008,17,192176,Petrol,Manual,FWD,1.4,151,4,hatchback,good,Wrocław,Poland,10050
298,Renault,Megane,2008,17,358562,Petrol,Manual,FWD,1.0,120,4,hatchback,good,Gdańsk,Poland,6438
299,Volkswagen,Golf,2017,8,49389,Petrol,Automatic,FWD,1.2,149,4,hatchback,excellent,Lublin,Poland,43009
300,Mazda,6,2010,15,341803,Petrol,Automatic,FWD,1.5,183,4,sedan,poor,Poznań,Poland,10073
301,Volkswagen,Golf,2015,10,238085,Diesel,Manual,FWD,1.5,135,4,hatchback,poor,Kraków,Poland,17150
302,Toyota,Yaris,2016,9,281578,Petrol,Automatic,FWD,1.1,86,3,hatchback,poor,Lublin,Poland,16343
303,Nissan,Leaf,2022,3,5822,Electric,Automatic,FWD,0.0,132,0,hatchback,good,Białystok,Poland,85677
304,Nissan,Qashqai,2013,12,59519,Hybrid,Automatic,FWD,1.6,161,4,suv,fair,Kraków,Poland,19191
305,Hyundai,i30,2018,7,148721,Petrol,Automatic,FWD,1.9,160,4,hatchback,good,Warszawa,Poland,26876
306,Toyota,Corolla,2013,12,196420,Petrol,Automatic,FWD,0.9,133,4,sedan,fair,Rzeszów,Poland,17305
307,Toyota,RAV4,2009,16,420000,Petrol,Automatic,AWD,2.3,171,4,suv,poor,Białystok,Poland,12733
308,Audi,A4,2018,7,146647,Petrol,Manual,FWD,2.6,214,6,sedan,excellent,Warszawa,Poland,76400
309,Peugeot,308,2011,14,261004,Petrol,Automatic,FWD,1.1,110,4,hatchback,good,Kraków,Poland,11868
310,Volkswagen,Golf,2016,9,69807,Diesel,Manual,FWD,0.9,135,4,hatchback,poor,Poznań,Poland,28830
311,Dacia,Duster,2008,17,343153,Petrol,Manual,AWD,1.4,104,4,suv,good,Wrocław,Poland,5256
312,BMW,3 Series,2018,7,109870,Petrol,Automatic,RWD,2.1,201,6,sedan,excellent,Szczecin,Poland,111212
313,Ford,Focus,2010,15,237801,Diesel,Automatic,FWD,1.4,134,4,hatchback,good,Lublin,Poland,9869
314,Renault,Megane,2016,9,169796,Diesel,Manual,FWD,1.4,115,4,hatchback,good,Lublin,Poland,24694
315,Toyota,Yaris,2014,11,225488,Diesel,Manual,FWD,0.9,84,4,hatchback,poor,Poznań,Poland,9465
316,Volkswagen,Golf,2010,15,239107,Petrol,Manual,FWD,1.7,157,4,hatchback,poor,Szczecin,Poland,9391
317,Nissan,Qashqai,2022,3,106019,Petrol,Automatic,FWD,1.8,153,4,suv,excellent,Warszawa,Poland,74671
318,Dacia,Duster,2021,4,24158,LPG,Manual,FWD,0.9,108,4,suv,excellent,Wrocław,Poland,38758
319,Toyota,RAV4,2015,10,153710,Diesel,Automatic,AWD,2.1,209,4,suv,poor,Szczecin,Poland,33812
320,Volkswagen,Golf,2023,2,35173,LPG,Manual,FWD,1.2,161,4,hatchback,excellent,Warszawa,Poland,87158
321,Opel,Astra,2010,15,209059,Diesel,Automatic,FWD,0.9,102,3,hatchback,excellent,Szczecin,Poland,10699
322,Kia,Ceed,2010,15,260582,LPG,Automatic,FWD,0.9,112,4,hatchback,excellent,Gdańsk,Poland,11623
323,Renault,Megane,2015,10,84648,Hybrid,Automatic,FWD,1.9,160,4,hatchback,good,Lublin,Poland,24124
324,Nissan,Qashqai,2019,6,22248,Diesel,Automatic,AWD,1.8,148,4,suv,fair,Gdańsk,Poland,46727
325,Volkswagen,Passat,2008,17,278256,Petrol,Manual,FWD,1.0,157,4,sedan,good,Szczecin,Poland,10779
326,Opel,Astra,2017,8,103406,Petrol,Manual,FWD,1.4,160,4,hatchback,good,Bydgoszcz,Poland,25096
327,Kia,Ceed,2023,2,32089,Petrol,Automatic,FWD,0.9,116,4,hatchback,excellent,Bydgoszcz,Poland,63065
328,Toyota,Corolla,2020,5,127864,Petrol,Manual,FWD,1.4,163,4,sedan,fair,Białystok,Poland,48799
329,Toyota,Yaris,2020,5,128417,Diesel,Automatic,FWD,1.0,130,4,hatchback,good,Rzeszów,Poland,27182
330,Opel,Astra,2014,11,225491,Diesel,Manual,FWD,1.4,149,4,hatchback,fair,Bydgoszcz,Poland,12454
331,Toyota,Yaris,2020,5,131674,Hybrid,Automatic,FWD,0.9,85,4,hatchback,good,Lublin,Poland,49454
332,Mazda,6,2019,6,84454,Diesel,Manual,FWD,1.9,145,4,sedan,excellent,Wrocław,Poland,62515
333,Hyundai,i30,2014,11,36549,Petrol,Manual,FWD,1.4,144,4,hatchback,excellent,Poznań,Poland,22544
334,Peugeot,308,2022,3,5000,Diesel,Automatic,FWD,2.0,136,4,hatchback,excellent,Gdańsk,Poland,89704
335,Volkswagen,Golf,2016,9,137566,Petrol,Manual,FWD,1.1,135,4,hatchback,fair,Poznań,Poland,32309
336,Kia,Ceed,2016,9,213249,LPG,Manual,FWD,1.8,160,4,hatchback,fair,Warszawa,Poland,15026
337,Renault,Megane,2021,4,5000,Petrol,Manual,FWD,1.3,156,4,hatchback,excellent,Katowice,Poland,63009
338,Hyundai,i30,2014,11,137793,Petrol,Manual,FWD,1.1,112,4,hatchback,fair,Bydgoszcz,Poland,19217
339,Volkswagen,Passat,2008,17,259724,Petrol,Manual,FWD,2.1,214,4,sedan,fair,Białystok,Poland,12258
340,Fiat,Tipo,2013,12,231262,Diesel,Automatic,FWD,1.1,90,4,sedan,good,Warszawa,Poland,9325
341,Renault,Megane,2020,5,131737,Petrol,Automatic,FWD,1.1,146,4,hatchback,excellent,Bydgoszcz,Poland,43157
342,Toyota,Yaris,2025,0,9665,Petrol,Automatic,FWD,0.9,121,4,hatchback,new,Łódź,Poland,85631
343,Volkswagen,Golf,2016,9,123812,Petrol,Manual,FWD,1.8,169,4,hatchback,excellent,Warszawa,Poland,47550
344,Toyota,Yaris,2015,10,150631,LPG,Automatic,FWD,1.5,130,4,hatchback,good,Warszawa,Poland,18197
345,Toyota,Corolla,2025,0,10824,Petrol,Manual,FWD,1.2,151,4,sedan,new,Katowice,Poland,138003
346,Audi,A4,2014,11,327282,Petrol,Manual,FWD,2.2,227,4,sedan,excellent,Lublin,Poland,40444
347,Toyota,RAV4,2010,15,116557,Petrol,Manual,AWD,1.0,152,4,suv,fair,Białystok,Poland,16729
348,Mercedes-Benz,C-Class,2013,12,239224,Petrol,Automatic,RWD,1.9,242,4,sedan,good,Białystok,Poland,34159
349,Audi,A4,2018,7,166354,LPG,Automatic,FWD,3.0,266,6,sedan,fair,Wrocław,Poland,49402
350,Volkswagen,Passat,2019,6,56542,Petrol,Manual,FWD,2.3,173,4,sedan,excellent,Warszawa,Poland,55023
351,Nissan,Qashqai,2018,7,263314,Diesel,Automatic,AWD,1.8,151,4,suv,excellent,Białystok,Poland,34438
352,Audi,A4,2025,0,9890,Petrol,Automatic,FWD,2.6,232,4,sedan,new,Kraków,Poland,189501
353,Volkswagen,Golf,2022,3,70289,Petrol,Manual,FWD,1.3,135,4,hatchback,fair,Wrocław,Poland,62905
354,BMW,3 Series,2021,4,107290,Diesel,Automatic,RWD,3.0,223,6,sedan,good,Kraków,Poland,84092
355,Peugeot,308,2018,7,75428,Petrol,Automatic,FWD,2.0,155,4,hatchback,excellent,Katowice,Poland,37014
356,Mercedes-Benz,C-Class,2017,8,100845,Petrol,Automatic,RWD,1.8,252,6,sedan,fair,Kraków,Poland,89926
357,Skoda,Octavia,2014,11,139465,Petrol,Manual,FWD,1.8,173,4,liftback,fair,Rzeszów,Poland,21661
358,Peugeot,308,2009,16,284262,Petrol,Manual,FWD,1.0,100,4,hatchback,poor,Poznań,Poland,6196
359,Skoda,Octavia,2016,9,113153,Petrol,Manual,FWD,2.2,180,4,liftback,fair,Szczecin,Poland,26330
360,Toyota,RAV4,2015,10,200979,Diesel,Manual,AWD,1.8,169,4,suv,good,Kraków,Poland,37196
361,Opel,Astra,2020,5,108118,Petrol,Manual,FWD,1.6,177,4,hatchback,poor,Katowice,Poland,32509
362,Dacia,Duster,2014,11,82514,Petrol,Automatic,AWD,1.4,111,4,suv,good,Poznań,Poland,20584
363,Mazda,6,2017,8,114789,Petrol,Automatic,FWD,1.1,188,6,sedan,good,Katowice,Poland,41980
364,Skoda,Octavia,2023,2,31717,Petrol,Manual,FWD,1.4,190,4,liftback,excellent,Katowice,Poland,122107
365,Renault,Megane,2009,16,278685,Petrol,Manual,FWD,1.7,129,4,hatchback,good,Warszawa,Poland,9116
366,Mazda,6,2024,1,38720,Petrol,Manual,FWD,1.2,172,4,sedan,excellent,Katowice,Poland,90899
367,Volkswagen,Golf,2016,9,52215,Diesel,Manual,FWD,1.8,157,4,hatchback,excellent,Kraków,Poland,32463
368,Peugeot,308,2015,10,95945,Petrol,Automatic,FWD,1.9,153,4,hatchback,poor,Szczecin,Poland,23239
369,Mercedes-Benz,C-Class,2017,8,159159,Diesel,Manual,RWD,2.3,229,4,sedan,fair,Rzeszów,Poland,47200
370,Renault,Megane,2024,1,5000,Petrol,Manual,FWD,1.5,160,4,hatchback,new,Katowice,Poland,106521
371,Mazda,6,2021,4,87780,Diesel,Automatic,FWD,2.0,157,4,sedan,fair,Katowice,Poland,60863
372,Toyota,Corolla,2018,7,205116,Petrol,Automatic,FWD,1.6,127,4,sedan,good,Białystok,Poland,35747
373,Toyota,RAV4,2016,9,222738,Hybrid,Automatic,AWD,1.6,188,6,suv,fair,Łódź,Poland,40369
374,Toyota,RAV4,2009,16,385937,Diesel,Manual,AWD,1.4,147,4,suv,fair,Gdańsk,Poland,12023
375,Hyundai,i30,2019,6,10681,Petrol,Manual,FWD,1.2,131,4,hatchback,good,Poznań,Poland,45813
376,Toyota,RAV4,2016,9,141112,Hybrid,Automatic,AWD,1.2,179,4,suv,fair,Rzeszów,Poland,39491
377,Toyota,RAV4,2016,9,186905,Petrol,Automatic,AWD,2.3,209,6,suv,poor,Bydgoszcz,Poland,35704
378,Skoda,Octavia,2014,11,300304,Diesel,Manual,FWD,1.6,146,4,liftback,excellent,Łódź,Poland,17890
379,Dacia,Duster,2024,1,5560,Diesel,Automatic,AWD,2.1,143,4,suv,good,Poznań,Poland,73687
380,Dacia,Duster,2015,10,149521,Diesel,Automatic,FWD,1.5,149,4,suv,fair,Gdańsk,Poland,14239
381,Fiat,Tipo,2011,14,420000,Petrol,Manual,FWD,1.2,107,4,sedan,good,Szczecin,Poland,8911
382,BMW,3 Series,2016,9,23968,Petrol,Automatic,RWD,4.0,335,6,sedan,excellent,Wrocław,Poland,82830
383,Renault,Megane,2013,12,5000,Diesel,Manual,FWD,1.8,139,4,hatchback,good,Rzeszów,Poland,13841
384,Hyundai,i30,2014,11,61323,Diesel,Automatic,FWD,1.6,150,4,hatchback,good,Rzeszów,Poland,17884
385,Volkswagen,Golf,2014,11,166937,Petrol,Manual,FWD,1.5,146,4,hatchback,good,Gdańsk,Poland,24074
386,BMW,3 Series,2011,14,263679,Diesel,Manual,RWD,2.5,243,6,sedan,good,Lublin,Poland,33132
387,Ford,Focus,2013,12,222722,Petrol,Automatic,FWD,1.4,117,4,hatchback,poor,Łódź,Poland,9835
388,Volkswagen,Golf,2021,4,21481,Diesel,Manual,FWD,1.1,122,4,hatchback,excellent,Kraków,Poland,51833
389,Audi,A4,2018,7,146791,LPG,Automatic,FWD,2.1,218,6,sedan,excellent,Warszawa,Poland,55387
390,Toyota,RAV4,2011,14,241771,Petrol,Automatic,AWD,1.7,183,4,suv,excellent,Lublin,Poland,23126
391,Dacia,Duster,2016,9,139098,Diesel,Automatic,FWD,1.0,113,3,suv,good,Katowice,Poland,20577
392,Skoda,Octavia,2008,17,236970,Petrol,Manual,FWD,1.8,155,4,liftback,fair,Katowice,Poland,9065
393,Volkswagen,Passat,2010,15,19263,Petrol,Manual,FWD,1.7,170,4,sedan,good,Kraków,Poland,21196
394,Skoda,Octavia,2015,10,158932,Electric,Automatic,FWD,0.0,133,0,liftback,fair,Kraków,Poland,29998
395,Toyota,Corolla,2021,4,74681,Petrol,Automatic,FWD,1.1,138,4,sedan,good,Białystok,Poland,53992
396,Dacia,Duster,2011,14,172617,Petrol,Automatic,FWD,1.4,103,4,suv,good,Poznań,Poland,9544
397,Ford,Focus,2013,12,312122,Petrol,Automatic,FWD,1.1,110,4,hatchback,good,Białystok,Poland,13604
398,Audi,A4,2013,12,125556,Petrol,Automatic,FWD,2.4,228,4,sedan,poor,Gdańsk,Poland,40431
399,Opel,Astra,2009,16,208134,Diesel,Manual,FWD,1.2,94,4,hatchback,poor,Wrocław,Poland,8211
400,Volkswagen,Golf,2014,11,115471,LPG,Manual,FWD,1.2,117,4,hatchback,fair,Łódź,Poland,22535
401,BMW,3 Series,2016,9,229364,Petrol,Automatic,RWD,3.0,268,6,sedan,poor,Kraków,Poland,35849
402,Peugeot,308,2019,6,113729,Petrol,Manual,FWD,2.3,180,4,hatchback,good,Poznań,Poland,36646
403,Peugeot,308,2018,7,37106,Petrol,Automatic,FWD,1.1,157,4,hatchback,poor,Łódź,Poland,29302
404,Hyundai,i30,2015,10,248479,Petrol,Automatic,FWD,1.2,131,4,hatchback,good,Gdańsk,Poland,15132
405,Toyota,Corolla,2020,5,65852,Hybrid,Automatic,FWD,1.8,154,4,sedan,poor,Wrocław,Poland,47241
406,Renault,Megane,2021,4,27626,Diesel,Automatic,FWD,1.7,119,4,hatchback,good,Lublin,Poland,49978
407,Fiat,Tipo,2016,9,130734,Petrol,Manual,FWD,1.4,127,4,sedan,fair,Białystok,Poland,24015
408,Toyota,Corolla,2018,7,54956,Petrol,Automatic,FWD,1.8,169,4,sedan,good,Bydgoszcz,Poland,46984
409,Toyota,Yaris,2014,11,269700,Diesel,Manual,FWD,1.9,130,4,hatchback,poor,Gdańsk,Poland,8621
410,Hyundai,i30,2016,9,103622,Diesel,Automatic,FWD,1.5,143,4,hatchback,fair,Katowice,Poland,35063
411,Toyota,RAV4,2009,16,243080,Petrol,Automatic,AWD,1.9,181,4,suv,good,Rzeszów,Poland,14265
412,Nissan,Qashqai,2016,9,249335,Petrol,Automatic,AWD,1.9,137,4,suv,fair,Białystok,Poland,27111
413,Volkswagen,Passat,2016,9,118380,Petrol,Manual,FWD,1.8,203,4,sedan,fair,Warszawa,Poland,33974
414,Mazda,6,2016,9,168405,Petrol,Manual,FWD,1.7,168,4,sedan,fair,Rzeszów,Poland,29751
415,Renault,Megane,2010,15,135216,Petrol,Automatic,FWD,1.5,102,4,hatchback,good,Białystok,Poland,13539
416,Peugeot,308,2010,15,5000,Petrol,Automatic,FWD,1.6,163,4,hatchback,poor,Gdańsk,Poland,8898
417,Renault,Megane,2008,17,390429,Diesel,Manual,FWD,1.6,109,3,hatchback,excellent,Rzeszów,Poland,5186
418,Kia,Ceed,2016,9,201043,Diesel,Manual,FWD,1.4,108,4,hatchback,fair,Kraków,Poland,18277
419,Skoda,Octavia,2011,14,196955,Diesel,Manual,FWD,1.8,151,4,liftback,fair,Wrocław,Poland,11269
420,Toyota,Corolla,2013,12,191811,Petrol,Automatic,FWD,0.9,90,3,sedan,fair,Gdańsk,Poland,14848
421,Mercedes-Benz,C-Class,2014,11,187222,Diesel,Automatic,RWD,2.4,228,4,sedan,poor,Kraków,Poland,38588
422,Skoda,Octavia,2016,9,200119,Petrol,Manual,FWD,1.8,147,4,liftback,poor,Kraków,Poland,19701
423,Toyota,Corolla,2018,7,147254,Petrol,Manual,FWD,1.7,131,4,sedan,good,Bydgoszcz,Poland,31357
424,Fiat,Tipo,2012,13,100350,Diesel,Manual,FWD,1.2,130,4,sedan,excellent,Białystok,Poland,15102
425,Toyota,RAV4,2010,15,167381,Petrol,Automatic,AWD,1.4,127,4,suv,fair,Wrocław,Poland,17256
426,Audi,A4,2012,13,335600,Diesel,Automatic,FWD,2.6,228,4,sedan,good,Gdańsk,Poland,26858
427,Ford,Focus,2017,8,212726,LPG,Manual,FWD,0.9,153,4,hatchback,poor,Gdańsk,Poland,16012
428,Kia,Ceed,2012,13,86385,LPG,Manual,FWD,1.7,160,4,hatchback,excellent,Katowice,Poland,19875
429,Tesla,Model 3,2018,7,164979,Electric,Manual,RWD,0.0,304,0,sedan,good,Poznań,Poland,80869
430,Ford,Focus,2012,13,145145,Petrol,Automatic,FWD,1.0,103,4,hatchback,fair,Bydgoszcz,Poland,12974
431,Skoda,Octavia,2020,5,80702,Petrol,Automatic,FWD,1.5,147,4,liftback,fair,Łódź,Poland,43860
432,Opel,Astra,2020,5,5000,LPG,Automatic,FWD,1.3,174,4,hatchback,fair,Poznań,Poland,43064
433,Mercedes-Benz,C-Class,2018,7,89986,Petrol,Manual,RWD,2.3,227,4,sedan,good,Rzeszów,Poland,72101
434,Toyota,RAV4,2016,9,115483,Electric,Automatic,AWD,0.0,200,0,suv,excellent,Rzeszów,Poland,64888
435,Dacia,Duster,2014,11,170994,Diesel,Automatic,FWD,1.6,90,3,suv,good,Gdańsk,Poland,18234
436,Skoda,Octavia,2025,0,1915,Diesel,Automatic,FWD,2.0,197,4,liftback,new,Białystok,Poland,103706
437,Mazda,6,2008,17,420000,Diesel,Manual,FWD,1.8,147,4,sedan,good,Lublin,Poland,7974
438,Volkswagen,Golf,2016,9,258505,Petrol,Automatic,FWD,1.7,168,4,hatchback,good,Gdańsk,Poland,33415
439,Renault,Megane,2016,9,170530,Petrol,Manual,FWD,1.5,156,4,hatchback,good,Warszawa,Poland,20462
440,Nissan,Qashqai,2010,15,283177,Petrol,Automatic,FWD,1.5,173,4,suv,excellent,Kraków,Poland,13121
441,BMW,3 Series,2013,12,85335,Petrol,Manual,RWD,2.6,247,4,sedan,fair,Rzeszów,Poland,48731
442,Renault,Megane,2020,5,75788,Petrol,Automatic,FWD,1.4,116,4,hatchback,excellent,Szczecin,Poland,44086
443,Toyota,Corolla,2021,4,60306,LPG,Manual,FWD,1.0,126,4,sedan,excellent,Gdańsk,Poland,69085
444,Toyota,Corolla,2012,13,23152,Hybrid,Automatic,FWD,1.4,122,4,sedan,excellent,Warszawa,Poland,18472
445,Ford,Focus,2011,14,304095,Diesel,Manual,FWD,1.5,106,3,hatchback,fair,Warszawa,Poland,9129
446,Toyota,RAV4,2015,10,269290,Petrol,Automatic,AWD,2.1,219,4,suv,poor,Łódź,Poland,30000
447,Renault,Megane,2010,15,398857,Petrol,Manual,FWD,0.9,144,4,hatchback,poor,Wrocław,Poland,8867
448,Opel,Astra,2020,5,23702,Petrol,Automatic,FWD,0.9,118,4,hatchback,excellent,Rzeszów,Poland,47410
449,Mazda,6,2017,8,191598,Petrol,Automatic,FWD,2.2,182,4,sedan,fair,Gdańsk,Poland,33252
450,Peugeot,308,2016,9,110832,Petrol,Automatic,FWD,1.4,159,4,hatchback,fair,Wrocław,Poland,17944
451,Volkswagen,Passat,2025,0,9702,Petrol,Manual,FWD,2.1,230,4,sedan,new,Bydgoszcz,Poland,151737
452,Audi,A4,2016,9,207261,Petrol,Automatic,FWD,2.8,254,6,sedan,good,Lublin,Poland,41204
453,Nissan,Leaf,2012,13,210595,Electric,Automatic,FWD,0.0,160,0,hatchback,poor,Białystok,Poland,20647
454,Skoda,Octavia,2021,4,85320,Petrol,Manual,FWD,2.0,172,4,liftback,good,Bydgoszcz,Poland,54241
455,Ford,Focus,2013,12,252531,Petrol,Manual,FWD,0.9,129,4,hatchback,good,Szczecin,Poland,17547
456,Hyundai,i30,2021,4,19198,Petrol,Automatic,FWD,1.3,144,4,hatchback,good,Białystok,Poland,57287
457,Ford,Focus,2020,5,76076,Diesel,Manual,FWD,1.9,177,4,hatchback,fair,Warszawa,Poland,42986
458,Toyota,Corolla,2008,17,396989,Petrol,Automatic,FWD,0.9,90,4,sedan,excellent,Kraków,Poland,8762
459,Skoda,Octavia,2022,3,32438,Petrol,Automatic,FWD,1.4,162,4,liftback,good,Kraków,Poland,59694
460,Renault,Megane,2010,15,417340,Diesel,Automatic,FWD,1.2,96,4,hatchback,good,Bydgoszcz,Poland,8830
461,Fiat,Tipo,2012,13,252622,Petrol,Manual,FWD,1.6,121,4,sedan,fair,Wrocław,Poland,9773
462,Dacia,Duster,2020,5,92348,Diesel,Manual,FWD,1.4,136,4,suv,excellent,Białystok,Poland,28101
463,Toyota,Corolla,2018,7,154863,Petrol,Manual,FWD,2.0,147,4,sedan,poor,Warszawa,Poland,25856
464,Toyota,Corolla,2011,14,221126,Diesel,Automatic,FWD,0.9,123,4,sedan,good,Łódź,Poland,11653
465,Opel,Astra,2009,16,288675,Petrol,Automatic,FWD,1.2,138,4,hatchback,poor,Katowice,Poland,6830
466,Kia,Ceed,2015,10,85972,Petrol,Manual,FWD,1.5,160,4,hatchback,good,Białystok,Poland,27647
467,Toyota,Corolla,2011,14,270400,Petrol,Automatic,FWD,2.1,162,4,sedan,good,Wrocław,Poland,12909
468,Fiat,Tipo,2013,12,305931,Electric,Manual,FWD,0.0,130,0,sedan,poor,Szczecin,Poland,11362
469,Nissan,Leaf,2012,13,272041,Electric,Automatic,FWD,0.0,141,0,hatchback,good,Wrocław,Poland,17320
470,Mercedes-Benz,C-Class,2024,1,14133,LPG,Automatic,RWD,2.8,265,6,sedan,excellent,Warszawa,Poland,203953
471,Nissan,Qashqai,2014,11,322596,Petrol,Automatic,AWD,1.5,190,4,suv,poor,Gdańsk,Poland,18629
472,Audi,A4,2010,15,189242,Petrol,Automatic,FWD,2.3,244,6,sedan,good,Łódź,Poland,31791
473,Tesla,Model 3,2018,7,150162,Electric,Manual,RWD,0.0,294,0,sedan,good,Warszawa,Poland,63695
474,Toyota,Yaris,2013,12,273673,Electric,Automatic,FWD,0.0,87,0,hatchback,good,Łódź,Poland,13857
475,Volkswagen,Golf,2019,6,132492,Petrol,Automatic,FWD,1.7,180,6,hatchback,good,Poznań,Poland,56464
476,Volkswagen,Golf,2009,16,168042,Electric,Automatic,FWD,0.0,124,0,hatchback,fair,Rzeszów,Poland,17173
477,Renault,Megane,2015,10,304731,Petrol,Manual,FWD,1.5,160,4,hatchback,good,Poznań,Poland,20105
478,Hyundai,i30,2016,9,107369,Petrol,Manual,FWD,1.2,121,4,hatchback,fair,Rzeszów,Poland,22610
479,Opel,Astra,2015,10,141876,Diesel,Manual,FWD,1.6,180,6,hatchback,good,Kraków,Poland,23543
480,Peugeot,308,2014,11,297456,Diesel,Manual,FWD,1.1,136,4,hatchback,fair,Łódź,Poland,13828
481,BMW,3 Series,2015,10,313597,LPG,Automatic,RWD,2.3,237,6,sedan,good,Białystok,Poland,61415
482,Ford,Focus,2017,8,142392,Petrol,Automatic,FWD,1.1,140,4,hatchback,good,Szczecin,Poland,30525
483,Volkswagen,Passat,2011,14,370749,Petrol,Manual,FWD,1.8,198,6,sedan,fair,Katowice,Poland,19414
484,Volkswagen,Passat,2018,7,67773,Petrol,Automatic,FWD,1.9,165,4,sedan,good,Bydgoszcz,Poland,67933
485,Fiat,Tipo,2014,11,225450,Diesel,Manual,FWD,0.9,98,3,sedan,good,Wrocław,Poland,9315
486,Volkswagen,Golf,2010,15,122744,Petrol,Automatic,FWD,1.2,139,4,hatchback,fair,Poznań,Poland,14697
487,Toyota,RAV4,2021,4,43423,Hybrid,Automatic,AWD,2.3,217,4,suv,excellent,Wrocław,Poland,130430
488,Mazda,6,2013,12,266464,Diesel,Automatic,FWD,1.6,140,4,sedan,poor,Wrocław,Poland,14603
489,Kia,Ceed,2008,17,420000,Diesel,Manual,FWD,1.3,121,4,hatchback,good,Szczecin,Poland,8425
490,Peugeot,308,2016,9,98901,Hybrid,Automatic,FWD,1.6,157,4,hatchback,good,Warszawa,Poland,28949
491,Mazda,6,2008,17,260012,Petrol,Manual,FWD,1.7,171,4,sedan,poor,Wrocław,Poland,8271
492,Fiat,Tipo,2018,7,117554,Petrol,Automatic,FWD,0.9,105,4,sedan,fair,Bydgoszcz,Poland,25568
493,Toyota,Corolla,2019,6,84009,Petrol,Manual,FWD,1.8,154,4,sedan,excellent,Łódź,Poland,53906
494,Ford,Focus,2018,7,36282,Diesel,Manual,FWD,1.5,165,4,hatchback,fair,Szczecin,Poland,21984
495,Dacia,Duster,2008,17,398589,Petrol,Automatic,FWD,1.0,109,4,suv,poor,Rzeszów,Poland,3605
496,Toyota,RAV4,2015,10,117496,Diesel,Automatic,AWD,1.4,128,4,suv,good,Bydgoszcz,Poland,43535
497,Toyota,Corolla,2023,2,41505,Petrol,Manual,FWD,1.1,131,4,sedan,excellent,Poznań,Poland,92054
498,Toyota,Corolla,2014,11,196616,Diesel,Manual,FWD,1.8,162,4,sedan,excellent,Gdańsk,Poland,17046
499,Toyota,Corolla,2019,6,40190,Hybrid,Automatic,FWD,1.4,156,4,sedan,excellent,Wrocław,Poland,60392
500,Volkswagen,Golf,2016,9,197787,Petrol,Manual,FWD,1.4,129,4,hatchback,excellent,Bydgoszcz,Poland,35432
501,Volkswagen,Golf,2015,10,126055,Diesel,Manual,FWD,1.5,154,4,hatchback,poor,Kraków,Poland,19443
502,Mazda,6,2016,9,186837,LPG,Automatic,FWD,1.5,168,4,sedan,excellent,Szczecin,Poland,34078
503,Skoda,Octavia,2012,13,236851,Petrol,Manual,FWD,1.1,152,4,liftback,fair,Warszawa,Poland,11819
504,Audi,A4,2013,12,217363,Petrol,Automatic,FWD,2.5,260,6,sedan,good,Lublin,Poland,33146
505,Renault,Megane,2014,11,201656,Petrol,Manual,FWD,1.6,143,4,hatchback,fair,Poznań,Poland,13430
506,Mazda,6,2016,9,153567,Diesel,Manual,FWD,1.8,158,4,sedan,good,Poznań,Poland,33361
507,Nissan,Qashqai,2012,13,180056,Petrol,Automatic,AWD,1.5,110,4,suv,poor,Lublin,Poland,12732
508,Skoda,Octavia,2009,16,160175,Diesel,Manual,FWD,1.2,129,4,liftback,fair,Łódź,Poland,9862
509,Volkswagen,Passat,2021,4,26038,Petrol,Manual,FWD,2.6,217,6,sedan,fair,Gdańsk,Poland,95289
510,Fiat,Tipo,2023,2,47061,Petrol,Automatic,FWD,1.2,130,4,sedan,excellent,Poznań,Poland,58007
511,Skoda,Octavia,2020,5,62227,Diesel,Manual,FWD,2.0,185,4,liftback,poor,Poznań,Poland,37785
512,Dacia,Duster,2017,8,124410,Diesel,Automatic,FWD,1.9,115,3,suv,fair,Warszawa,Poland,21919
513,Toyota,Yaris,2020,5,86586,Hybrid,Automatic,FWD,1.1,103,4,hatchback,fair,Rzeszów,Poland,31775
514,Mercedes-Benz,C-Class,2015,10,184885,Hybrid,Manual,RWD,2.0,216,6,sedan,fair,Poznań,Poland,49634
515,Toyota,RAV4,2014,11,362376,Petrol,Automatic,AWD,1.9,173,4,suv,poor,Szczecin,Poland,16138
516,BMW,3 Series,2025,0,4159,LPG,Automatic,RWD,2.6,261,6,sedan,new,Łódź,Poland,350000
517,BMW,3 Series,2018,7,134582,Petrol,Manual,RWD,3.2,264,6,sedan,fair,Gdańsk,Poland,75350
518,Skoda,Octavia,2012,13,125954,Petrol,Manual,FWD,2.2,179,4,liftback,poor,Kraków,Poland,12657
519,Toyota,Yaris,2015,10,187098,Diesel,Manual,FWD,1.0,93,4,hatchback,poor,Gdańsk,Poland,12536
520,Ford,Focus,2018,7,139856,Petrol,Manual,FWD,0.9,140,4,hatchback,fair,Łódź,Poland,21838
521,Skoda,Octavia,2020,5,124048,Diesel,Manual,FWD,2.1,175,4,liftback,poor,Rzeszów,Poland,32018
522,Opel,Astra,2020,5,131324,Diesel,Automatic,FWD,1.2,159,4,hatchback,excellent,Białystok,Poland,49671
523,Kia,Ceed,2013,12,53403,Petrol,Automatic,FWD,1.6,147,4,hatchback,good,Szczecin,Poland,19210
524,Toyota,RAV4,2019,6,128159,Petrol,Automatic,AWD,1.4,151,4,suv,good,Rzeszów,Poland,72661
525,Mazda,6,2015,10,188540,Petrol,Manual,FWD,1.1,161,4,sedan,good,Białystok,Poland,33936
526,Hyundai,i30,2009,16,420000,Diesel,Manual,FWD,1.1,90,3,hatchback,fair,Łódź,Poland,6511
527,Opel,Astra,2014,11,212138,Petrol,Manual,FWD,0.9,92,4,hatchback,good,Warszawa,Poland,12607
528,Volkswagen,Golf,2023,2,5400,Diesel,Automatic,FWD,1.7,172,4,hatchback,new,Kraków,Poland,88796
529,Nissan,Qashqai,2016,9,243523,Diesel,Automatic,FWD,1.9,169,4,suv,fair,Gdańsk,Poland,24641
530,Skoda,Octavia,2011,14,360145,Diesel,Manual,FWD,1.2,143,4,liftback,poor,Wrocław,Poland,6894
531,Hyundai,i30,2008,17,189671,Petrol,Manual,FWD,1.1,115,3,hatchback,fair,Katowice,Poland,7993
532,Volkswagen,Passat,2015,10,237319,LPG,Automatic,FWD,1.8,179,4,sedan,fair,Gdańsk,Poland,25423
533,Ford,Focus,2018,7,127248,Diesel,Automatic,FWD,1.3,134,4,hatchback,good,Warszawa,Poland,29773
534,Volkswagen,Golf,2018,7,139243,Diesel,Automatic,FWD,1.5,164,4,hatchback,poor,Kraków,Poland,38903
535,Skoda,Octavia,2012,13,112652,Petrol,Manual,FWD,1.2,116,4,liftback,good,Katowice,Poland,26532
536,Volkswagen,Golf,2018,7,187423,Petrol,Manual,FWD,0.9,125,4,hatchback,good,Szczecin,Poland,29155
537,BMW,3 Series,2017,8,234441,Petrol,Automatic,RWD,2.7,267,6,sedan,good,Łódź,Poland,72390
538,Fiat,Tipo,2008,17,267697,Petrol,Manual,FWD,1.4,101,4,sedan,good,Bydgoszcz,Poland,6639
539,Toyota,Yaris,2018,7,86741,Hybrid,Automatic,FWD,1.5,130,4,hatchback,good,Łódź,Poland,38066
540,Volkswagen,Passat,2022,3,31358,LPG,Manual,FWD,2.2,207,4,sedan,new,Szczecin,Poland,100144
541,Toyota,Corolla,2013,12,75765,Diesel,Manual,FWD,0.9,129,4,sedan,fair,Katowice,Poland,17141
542,Dacia,Duster,2017,8,234904,Diesel,Automatic,AWD,2.1,138,4,suv,fair,Białystok,Poland,18719
543,Renault,Megane,2014,11,136461,Diesel,Automatic,FWD,1.7,152,4,hatchback,good,Kraków,Poland,22669
544,Nissan,Qashqai,2015,10,239509,Petrol,Automatic,AWD,1.2,143,4,suv,good,Szczecin,Poland,22422
545,Skoda,Octavia,2010,15,192733,Petrol,Manual,FWD,1.6,154,4,liftback,fair,Katowice,Poland,14413
546,Skoda,Octavia,2012,13,140576,Diesel,Manual,FWD,2.0,154,4,liftback,good,Poznań,Poland,21689
547,Peugeot,308,2025,0,12452,Petrol,Manual,FWD,1.5,135,4,hatchback,new,Gdańsk,Poland,73005
548,Mazda,6,2019,6,72000,Diesel,Automatic,FWD,2.1,210,4,sedan,good,Warszawa,Poland,73373
549,Hyundai,i30,2009,16,279089,LPG,Manual,FWD,1.4,119,4,hatchback,poor,Bydgoszcz,Poland,4767
550,Fiat,Tipo,2012,13,117726,Petrol,Automatic,FWD,1.0,104,3,sedan,fair,Szczecin,Poland,14243
551,Volkswagen,Passat,2013,12,100695,LPG,Manual,FWD,1.8,178,4,sedan,poor,Warszawa,Poland,16181
552,Volkswagen,Golf,2020,5,96864,Diesel,Manual,FWD,1.8,147,4,hatchback,good,Białystok,Poland,38259
553,Volkswagen,Passat,2017,8,162409,Petrol,Manual,FWD,1.7,178,4,sedan,good,Białystok,Poland,45271
554,Fiat,Tipo,2011,14,165014,Diesel,Manual,FWD,1.0,97,4,sedan,fair,Rzeszów,Poland,8440
555,Ford,Focus,2021,4,55890,Diesel,Automatic,FWD,1.5,158,4,hatchback,good,Bydgoszcz,Poland,42605
556,Ford,Focus,2013,12,144295,Petrol,Manual,FWD,0.9,139,4,hatchback,fair,Bydgoszcz,Poland,14092
557,Hyundai,i30,2008,17,287368,Petrol,Manual,FWD,0.9,104,4,hatchback,good,Bydgoszcz,Poland,7279
558,Nissan,Qashqai,2017,8,274384,Hybrid,Automatic,AWD,0.9,110,4,suv,fair,Rzeszów,Poland,27909
559,Audi,A4,2019,6,146067,Petrol,Automatic,FWD,1.9,200,6,sedan,good,Poznań,Poland,61043
560,Renault,Megane,2020,5,53488,Diesel,Manual,FWD,1.5,131,4,hatchback,good,Łódź,Poland,37580
561,Audi,A4,2017,8,75976,Petrol,Automatic,FWD,2.8,250,6,sedan,good,Szczecin,Poland,71071
562,Toyota,Corolla,2018,7,122289,Petrol,Manual,FWD,1.5,127,4,sedan,poor,Kraków,Poland,25736
563,Toyota,Corolla,2011,14,8164,LPG,Automatic,FWD,1.5,155,4,sedan,poor,Rzeszów,Poland,7913
564,Dacia,Duster,2009,16,136906,Petrol,Manual,FWD,1.4,138,4,suv,good,Łódź,Poland,9966
565,Nissan,Leaf,2013,12,110772,Electric,Automatic,FWD,0.0,125,0,hatchback,fair,Katowice,Poland,30308
566,Volkswagen,Golf,2015,10,121664,Diesel,Manual,FWD,1.6,180,4,hatchback,fair,Łódź,Poland,23624
567,Mercedes-Benz,C-Class,2014,11,42388,Diesel,Automatic,RWD,2.8,248,4,sedan,excellent,Rzeszów,Poland,78082
568,Skoda,Octavia,2017,8,144104,Petrol,Automatic,FWD,0.9,87,3,liftback,poor,Kraków,Poland,22924
569,Kia,Ceed,2008,17,300238,Petrol,Manual,FWD,1.4,125,4,hatchback,good,Bydgoszcz,Poland,9059
570,Ford,Focus,2010,15,207031,Petrol,Manual,FWD,1.3,85,4,hatchback,poor,Gdańsk,Poland,8257
571,Nissan,Qashqai,2009,16,321183,Petrol,Automatic,FWD,1.4,142,4,suv,poor,Białystok,Poland,10023
572,Nissan,Qashqai,2019,6,96432,Petrol,Manual,FWD,1.8,146,4,suv,good,Gdańsk,Poland,42803
573,Toyota,Yaris,2013,12,207572,Petrol,Manual,FWD,1.1,94,3,hatchback,good,Rzeszów,Poland,14867
574,Dacia,Duster,2023,2,72089,Petrol,Automatic,AWD,1.2,150,4,suv,excellent,Szczecin,Poland,66868
575,Mercedes-Benz,C-Class,2023,2,39550,Petrol,Automatic,RWD,2.8,242,4,sedan,excellent,Łódź,Poland,187762
576,Hyundai,i30,2018,7,162003,Petrol,Automatic,FWD,0.9,91,3,hatchback,poor,Szczecin,Poland,21156
577,Nissan,Qashqai,2014,11,224962,Diesel,Automatic,AWD,1.6,145,4,suv,fair,Bydgoszcz,Poland,17743
578,BMW,3 Series,2014,11,261044,Petrol,Automatic,RWD,3.3,298,6,sedan,fair,Gdańsk,Poland,32661
579,Mazda,6,2021,4,5000,Diesel,Manual,FWD,2.8,210,4,sedan,new,Białystok,Poland,88570
580,BMW,3 Series,2017,8,204488,Petrol,Manual,RWD,2.7,258,6,sedan,good,Wrocław,Poland,64277
581,Audi,A4,2014,11,226108,Petrol,Manual,FWD,2.5,253,6,sedan,poor,Poznań,Poland,27572
582,Renault,Megane,2014,11,260392,Petrol,Manual,FWD,1.1,124,4,hatchback,good,Szczecin,Poland,15338
583,Ford,Focus,2016,9,123214,Petrol,Automatic,FWD,1.8,150,4,hatchback,fair,Rzeszów,Poland,26984
584,Toyota,Yaris,2013,12,231614,Diesel,Manual,FWD,1.1,130,4,hatchback,fair,Szczecin,Poland,11292
585,Dacia,Duster,2018,7,48943,Petrol,Automatic,FWD,1.1,150,4,suv,good,Rzeszów,Poland,29336
586,Fiat,Tipo,2016,9,49184,Petrol,Manual,FWD,1.4,112,4,sedan,excellent,Bydgoszcz,Poland,24997
587,Mazda,6,2015,10,99471,Petrol,Manual,FWD,2.1,189,4,sedan,poor,Wrocław,Poland,22136
588,Ford,Focus,2022,3,113638,Petrol,Automatic,FWD,1.5,162,4,hatchback,good,Katowice,Poland,58460
589,Nissan,Qashqai,2013,12,221760,Petrol,Automatic,AWD,1.0,140,4,suv,good,Katowice,Poland,19536
590,Skoda,Octavia,2022,3,17301,Petrol,Automatic,FWD,2.2,200,6,liftback,fair,Gdańsk,Poland,64007
591,Nissan,Qashqai,2012,13,206821,Petrol,Manual,FWD,0.9,144,4,suv,fair,Szczecin,Poland,16779
592,Mercedes-Benz,C-Class,2019,6,71975,Petrol,Manual,RWD,2.5,245,6,sedan,fair,Białystok,Poland,93968
593,Nissan,Qashqai,2017,8,86487,Petrol,Manual,FWD,1.1,119,3,suv,fair,Warszawa,Poland,32632
594,BMW,3 Series,2008,17,298867,Diesel,Manual,RWD,2.8,232,4,sedan,fair,Gdańsk,Poland,18079
595,Volkswagen,Golf,2024,1,7119,Petrol,Automatic,FWD,1.2,109,4,hatchback,good,Gdańsk,Poland,90566
596,Volkswagen,Passat,2016,9,84617,Hybrid,Manual,FWD,1.3,132,4,sedan,fair,Poznań,Poland,39061
597,Toyota,Yaris,2011,14,275904,Petrol,Automatic,FWD,0.9,70,4,hatchback,excellent,Szczecin,Poland,9045
598,Tesla,Model 3,2024,1,5000,Electric,Automatic,RWD,0.0,333,0,sedan,excellent,Katowice,Poland,188370
599,Renault,Megane,2018,7,105099,Petrol,Manual,FWD,1.6,151,4,hatchback,poor,Katowice,Poland,32610
600,Audi,A4,2015,10,202668,Petrol,Automatic,FWD,2.3,234,6,sedan,excellent,Rzeszów,Poland,49932
601,Ford,Focus,2010,15,295926,Petrol,Manual,FWD,1.5,150,4,hatchback,good,Łódź,Poland,12015
602,Ford,Focus,2010,15,304440,Diesel,Manual,FWD,1.4,150,4,hatchback,excellent,Lublin,Poland,10477
603,Opel,Astra,2023,2,11266,Petrol,Automatic,FWD,1.9,130,4,hatchback,excellent,Lublin,Poland,81244
604,Volkswagen,Passat,2024,1,5000,Petrol,Manual,FWD,1.7,208,6,sedan,new,Lublin,Poland,157700
605,Kia,Ceed,2008,17,343026,Diesel,Automatic,FWD,0.9,107,3,hatchback,good,Rzeszów,Poland,8849
606,Toyota,Yaris,2015,10,158845,Petrol,Manual,FWD,1.4,117,4,hatchback,good,Poznań,Poland,17608
607,Audi,A4,2008,17,213282,Diesel,Automatic,FWD,1.9,206,4,sedan,good,Białystok,Poland,19279
608,Volkswagen,Golf,2015,10,147062,Petrol,Automatic,FWD,1.3,116,3,hatchback,good,Lublin,Poland,24009
609,Kia,Ceed,2008,17,265716,Petrol,Manual,FWD,1.5,130,4,hatchback,poor,Bydgoszcz,Poland,4674
610,Nissan,Leaf,2012,13,307193,Electric,Automatic,FWD,0.0,117,0,hatchback,poor,Wrocław,Poland,11477
611,Audi,A4,2009,16,387776,Diesel,Manual,FWD,2.8,224,4,sedan,fair,Rzeszów,Poland,14995
612,Toyota,RAV4,2020,5,48744,Diesel,Automatic,AWD,2.1,197,4,suv,fair,Kraków,Poland,75210
613,Toyota,RAV4,2011,14,342849,Petrol,Manual,AWD,1.5,187,4,suv,poor,Gdańsk,Poland,16169
614,Audi,A4,2016,9,135704,LPG,Automatic,FWD,2.1,240,6,sedan,good,Białystok,Poland,59104
615,Volkswagen,Golf,2012,13,90184,Diesel,Automatic,FWD,1.4,166,4,hatchback,fair,Rzeszów,Poland,25539
616,Toyota,Yaris,2019,6,52618,Hybrid,Automatic,FWD,1.3,98,4,hatchback,good,Rzeszów,Poland,43663
617,Skoda,Octavia,2016,9,167747,Diesel,Automatic,FWD,1.8,194,4,liftback,fair,Katowice,Poland,19630
618,Ford,Focus,2015,10,258128,Diesel,Automatic,FWD,1.5,149,4,hatchback,fair,Łódź,Poland,17176
619,Opel,Astra,2014,11,183294,Petrol,Manual,FWD,2.0,179,4,hatchback,poor,Kraków,Poland,15927
620,Audi,A4,2021,4,125222,Petrol,Automatic,FWD,2.2,221,4,sedan,poor,Poznań,Poland,77131
621,Volkswagen,Passat,2017,8,132133,Petrol,Automatic,FWD,2.0,183,4,sedan,good,Rzeszów,Poland,36165
622,Toyota,Corolla,2021,4,32238,Hybrid,Manual,FWD,1.0,143,4,sedan,good,Gdańsk,Poland,79178
623,Opel,Astra,2015,10,157397,Petrol,Automatic,FWD,1.6,136,4,hatchback,poor,Poznań,Poland,15667
624,Renault,Megane,2023,2,32052,Petrol,Automatic,FWD,0.9,92,4,hatchback,excellent,Poznań,Poland,70342
625,Opel,Astra,2011,14,120740,Diesel,Manual,FWD,1.8,148,4,hatchback,fair,Wrocław,Poland,14181
626,Ford,Focus,2021,4,62109,Diesel,Automatic,FWD,1.0,93,3,hatchback,good,Warszawa,Poland,54293
627,Toyota,RAV4,2017,8,212389,Hybrid,Automatic,AWD,2.3,218,6,suv,excellent,Warszawa,Poland,79840
628,Ford,Focus,2018,7,116737,Diesel,Manual,FWD,1.7,167,4,hatchback,excellent,Poznań,Poland,33787
629,Renault,Megane,2018,7,143067,Petrol,Automatic,FWD,0.9,102,4,hatchback,fair,Lublin,Poland,20827
630,Volkswagen,Golf,2022,3,42462,Diesel,Automatic,FWD,1.1,118,4,hatchback,excellent,Katowice,Poland,71517
631,Nissan,Leaf,2019,6,131825,Electric,Automatic,FWD,0.0,144,0,hatchback,poor,Kraków,Poland,35805
632,Opel,Astra,2010,15,278719,LPG,Manual,FWD,1.2,114,4,hatchback,good,Lublin,Poland,7339
633,Hyundai,i30,2014,11,5000,Diesel,Manual,FWD,1.2,139,4,hatchback,good,Szczecin,Poland,22646
634,Skoda,Octavia,2009,16,167567,LPG,Automatic,FWD,1.8,163,4,liftback,excellent,Rzeszów,Poland,10323
635,Audi,A4,2020,5,82779,Petrol,Manual,FWD,2.6,260,6,sedan,good,Katowice,Poland,129891
636,Toyota,Corolla,2010,15,145282,Petrol,Manual,FWD,0.9,135,4,sedan,poor,Poznań,Poland,10174
637,Volkswagen,Golf,2021,4,112307,Diesel,Automatic,FWD,1.0,113,3,hatchback,excellent,Bydgoszcz,Poland,47788
638,Skoda,Octavia,2019,6,113072,Petrol,Automatic,FWD,1.4,133,4,liftback,good,Bydgoszcz,Poland,47078
639,BMW,3 Series,2023,2,44834,LPG,Manual,RWD,2.2,260,6,sedan,good,Szczecin,Poland,132088
640,Skoda,Octavia,2025,0,14109,LPG,Automatic,FWD,1.4,146,4,liftback,new,Lublin,Poland,109267
641,Dacia,Duster,2021,4,42657,Petrol,Manual,FWD,1.5,119,4,suv,good,Szczecin,Poland,31392
642,Skoda,Octavia,2013,12,155031,Hybrid,Manual,FWD,0.9,115,3,liftback,poor,Poznań,Poland,15155
643,Opel,Astra,2020,5,94437,Diesel,Manual,FWD,1.4,145,4,hatchback,good,Wrocław,Poland,36796
644,Audi,A4,2018,7,22379,Petrol,Automatic,FWD,2.7,230,4,sedan,fair,Rzeszów,Poland,77711
645,Toyota,Yaris,2024,1,29733,Petrol,Manual,FWD,1.5,109,4,hatchback,good,Bydgoszcz,Poland,80470
646,Volkswagen,Golf,2008,17,239286,Petrol,Manual,FWD,1.9,162,4,hatchback,good,Warszawa,Poland,12246
647,Fiat,Tipo,2013,12,188322,Diesel,Automatic,FWD,1.3,90,3,sedan,good,Kraków,Poland,17907
648,BMW,3 Series,2017,8,12922,Diesel,Automatic,RWD,2.4,230,4,sedan,good,Szczecin,Poland,75676
649,Tesla,Model 3,2018,7,102291,Electric,Automatic,RWD,0.0,350,0,sedan,poor,Poznań,Poland,66507
650,Skoda,Octavia,2012,13,334383,Petrol,Manual,FWD,1.2,126,4,liftback,poor,Wrocław,Poland,9156
651,Nissan,Leaf,2012,13,256032,Electric,Automatic,FWD,0.0,160,0,hatchback,fair,Bydgoszcz,Poland,21133
652,Toyota,Corolla,2020,5,76368,Petrol,Manual,FWD,1.9,166,4,sedan,good,Białystok,Poland,55887
653,Peugeot,308,2017,8,63574,Petrol,Manual,FWD,1.1,128,4,hatchback,good,Lublin,Poland,38395
654,Volkswagen,Passat,2021,4,89697,Petrol,Automatic,FWD,1.9,218,4,sedan,fair,Warszawa,Poland,94238
655,Toyota,Corolla,2012,13,349884,Petrol,Automatic,FWD,1.6,161,4,sedan,fair,Białystok,Poland,14099
656,Audi,A4,2018,7,47496,Diesel,Manual,FWD,3.0,271,6,sedan,good,Poznań,Poland,69039
657,Volkswagen,Passat,2019,6,100566,Petrol,Automatic,FWD,1.9,196,6,sedan,good,Kraków,Poland,52859
658,Kia,Ceed,2015,10,258348,Petrol,Manual,FWD,0.9,129,4,hatchback,fair,Lublin,Poland,13536
659,Tesla,Model 3,2019,6,90553,Electric,Automatic,RWD,0.0,265,0,sedan,good,Wrocław,Poland,125787
660,Hyundai,i30,2020,5,117672,Diesel,Manual,FWD,0.9,104,4,hatchback,good,Lublin,Poland,33615
661,Volkswagen,Passat,2021,4,94466,Diesel,Automatic,FWD,2.4,223,4,sedan,good,Rzeszów,Poland,59848
662,Dacia,Duster,2010,15,410186,Diesel,Automatic,AWD,1.0,119,4,suv,good,Białystok,Poland,9097
663,Hyundai,i30,2012,13,70050,Diesel,Manual,FWD,1.1,134,4,hatchback,excellent,Białystok,Poland,19311
664,Skoda,Octavia,2019,6,88097,Petrol,Automatic,FWD,1.5,158,4,liftback,poor,Katowice,Poland,29806
665,Opel,Astra,2013,12,231882,Petrol,Automatic,FWD,1.6,170,4,hatchback,good,Łódź,Poland,16662
666,Opel,Astra,2018,7,31846,Diesel,Automatic,FWD,0.9,102,3,hatchback,good,Lublin,Poland,23731
667,BMW,3 Series,2016,9,76188,Diesel,Automatic,RWD,2.3,246,4,sedan,good,Katowice,Poland,77967
668,Hyundai,i30,2012,13,49853,LPG,Manual,FWD,1.0,136,4,hatchback,good,Bydgoszcz,Poland,13789
669,Toyota,RAV4,2010,15,297155,Petrol,Automatic,AWD,2.2,173,4,suv,good,Białystok,Poland,15166
670,Skoda,Octavia,2015,10,133560,Diesel,Manual,FWD,0.9,141,4,liftback,fair,Szczecin,Poland,25207
671,Opel,Astra,2010,15,203587,Petrol,Manual,FWD,1.3,142,4,hatchback,fair,Białystok,Poland,11466
672,BMW,3 Series,2017,8,30861,Petrol,Automatic,RWD,2.6,258,6,sedan,good,Lublin,Poland,72684
673,Mazda,6,2011,14,333864,Petrol,Manual,FWD,1.6,196,4,sedan,fair,Wrocław,Poland,17011
674,Nissan,Qashqai,2010,15,387491,Electric,Automatic,FWD,0.0,165,0,suv,excellent,Bydgoszcz,Poland,16530
675,Volkswagen,Golf,2012,13,211066,Diesel,Automatic,FWD,1.2,116,3,hatchback,fair,Lublin,Poland,18832
676,Ford,Focus,2016,9,5000,Petrol,Manual,FWD,1.1,164,4,hatchback,fair,Lublin,Poland,26812
677,Volkswagen,Passat,2015,10,200602,Diesel,Manual,FWD,2.0,201,6,sedan,fair,Gdańsk,Poland,24929
678,Dacia,Duster,2016,9,152066,Diesel,Manual,AWD,1.1,115,4,suv,good,Poznań,Poland,10757
679,Toyota,Yaris,2021,4,61114,Petrol,Manual,FWD,1.4,126,4,hatchback,fair,Rzeszów,Poland,36481
680,Kia,Ceed,2015,10,85832,Petrol,Automatic,FWD,1.6,129,4,hatchback,fair,Gdańsk,Poland,27742
681,Mercedes-Benz,C-Class,2018,7,163858,LPG,Automatic,RWD,2.8,261,6,sedan,fair,Białystok,Poland,63394
682,Tesla,Model 3,2018,7,170942,Electric,Automatic,RWD,0.0,333,0,sedan,excellent,Lublin,Poland,82625
683,Dacia,Duster,2009,16,210332,Petrol,Manual,AWD,0.9,94,4,suv,fair,Rzeszów,Poland,6235
684,Opel,Astra,2014,11,315864,Petrol,Manual,FWD,1.1,170,4,hatchback,fair,Poznań,Poland,12333
685,Renault,Megane,2010,15,247401,Petrol,Manual,FWD,1.1,86,3,hatchback,good,Gdańsk,Poland,9883
686,Ford,Focus,2012,13,188417,Hybrid,Automatic,FWD,1.6,141,4,hatchback,fair,Lublin,Poland,17912
687,Mercedes-Benz,C-Class,2019,6,136803,Petrol,Manual,RWD,3.1,307,6,sedan,good,Kraków,Poland,75347
688,Mercedes-Benz,C-Class,2011,14,322992,Petrol,Automatic,RWD,2.2,246,4,sedan,poor,Bydgoszcz,Poland,20695
689,Toyota,RAV4,2014,11,129711,LPG,Automatic,AWD,1.7,179,4,suv,fair,Gdańsk,Poland,32046
690,Audi,A4,2012,13,110085,Petrol,Automatic,FWD,3.1,272,6,sedan,good,Poznań,Poland,40950
691,Mazda,6,2012,13,214640,LPG,Manual,FWD,2.2,210,4,sedan,good,Gdańsk,Poland,19936
692,Tesla,Model 3,2018,7,124737,Electric,Manual,RWD,0.0,267,0,sedan,excellent,Łódź,Poland,72200
693,Mercedes-Benz,C-Class,2011,14,240940,Diesel,Manual,RWD,2.7,245,4,sedan,good,Łódź,Poland,34774
694,Volkswagen,Passat,2019,6,47952,Petrol,Automatic,FWD,1.6,191,6,sedan,excellent,Białystok,Poland,60045
695,Toyota,RAV4,2016,9,27619,Petrol,Automatic,AWD,2.0,198,4,suv,excellent,Kraków,Poland,73557
696,Kia,Ceed,2020,5,28037,Hybrid,Automatic,FWD,1.6,160,4,hatchback,good,Wrocław,Poland,47666
697,Mercedes-Benz,C-Class,2014,11,161398,Petrol,Automatic,RWD,2.7,259,6,sedan,excellent,Wrocław,Poland,71801
698,Opel,Astra,2017,8,80052,LPG,Manual,FWD,1.8,148,4,hatchback,fair,Poznań,Poland,27859
699,Audi,A4,2020,5,129150,Petrol,Automatic,FWD,2.2,246,4,sedan,good,Szczecin,Poland,82887
700,Renault,Megane,2016,9,208633,Petrol,Automatic,FWD,1.6,151,4,hatchback,fair,Bydgoszcz,Poland,22004
701,Nissan,Qashqai,2016,9,43331,Petrol,Automatic,AWD,1.6,175,4,suv,excellent,Wrocław,Poland,37369
702,BMW,3 Series,2018,7,108834,Diesel,Automatic,RWD,1.6,208,6,sedan,fair,Bydgoszcz,Poland,91207
703,Dacia,Duster,2016,9,152363,LPG,Automatic,FWD,1.0,90,4,suv,fair,Poznań,Poland,17903
704,Fiat,Tipo,2013,12,125402,Petrol,Automatic,FWD,0.9,130,4,sedan,poor,Kraków,Poland,12860
705,Nissan,Leaf,2015,10,137332,Electric,Automatic,FWD,0.0,142,0,hatchback,poor,Szczecin,Poland,22042
706,Volkswagen,Golf,2009,16,310167,Diesel,Automatic,FWD,1.1,148,4,hatchback,poor,Szczecin,Poland,6526
707,Mazda,6,2025,0,9489,Petrol,Manual,FWD,1.4,194,4,sedan,new,Łódź,Poland,166025
708,Toyota,Corolla,2013,12,103884,Petrol,Manual,FWD,0.9,118,4,sedan,good,Białystok,Poland,15866
709,Volkswagen,Golf,2009,16,420000,Diesel,Automatic,FWD,1.1,117,4,hatchback,poor,Lublin,Poland,6939
710,Toyota,Corolla,2010,15,209811,Petrol,Automatic,FWD,1.1,106,3,sedan,poor,Szczecin,Poland,9808
711,Toyota,RAV4,2010,15,154338,Petrol,Manual,AWD,1.9,216,4,suv,excellent,Warszawa,Poland,37403
712,Tesla,Model 3,2018,7,174292,Electric,Automatic,RWD,0.0,294,0,sedan,good,Poznań,Poland,82373
713,Toyota,Yaris,2023,2,22154,Hybrid,Automatic,FWD,0.9,119,3,hatchback,good,Szczecin,Poland,94871
714,Dacia,Duster,2024,1,18402,Petrol,Automatic,AWD,1.8,150,4,suv,good,Szczecin,Poland,59814
715,Audi,A4,2013,12,71363,Diesel,Manual,FWD,2.4,215,4,sedan,good,Katowice,Poland,40087
716,Volkswagen,Passat,2016,9,44041,Petrol,Manual,FWD,2.0,234,4,sedan,excellent,Bydgoszcz,Poland,50198
717,Skoda,Octavia,2017,8,70766,Petrol,Automatic,FWD,1.2,133,4,liftback,good,Warszawa,Poland,40468
718,Toyota,Corolla,2014,11,200905,LPG,Manual,FWD,1.7,180,6,sedan,good,Katowice,Poland,19638
719,Skoda,Octavia,2012,13,24945,LPG,Manual,FWD,1.6,178,4,liftback,good,Szczecin,Poland,20945
720,Fiat,Tipo,2020,5,15944,Petrol,Automatic,FWD,1.4,130,4,sedan,fair,Lublin,Poland,33910
721,Volkswagen,Golf,2017,8,20281,Petrol,Automatic,FWD,1.6,109,3,hatchback,excellent,Warszawa,Poland,42370
722,Ford,Focus,2014,11,249919,Petrol,Automatic,FWD,1.7,131,4,hatchback,fair,Łódź,Poland,12892
723,Renault,Megane,2020,5,11109,Electric,Manual,FWD,0.0,131,0,hatchback,new,Gdańsk,Poland,58966
724,Peugeot,308,2019,6,13953,Petrol,Manual,FWD,1.6,180,4,hatchback,fair,Szczecin,Poland,41819
725,Renault,Megane,2013,12,297398,Petrol,Automatic,FWD,1.5,131,4,hatchback,good,Szczecin,Poland,13091
726,Kia,Ceed,2015,10,103564,Petrol,Manual,FWD,1.9,160,4,hatchback,fair,Białystok,Poland,23677
727,Renault,Megane,2017,8,132828,Diesel,Manual,FWD,1.2,126,4,hatchback,good,Bydgoszcz,Poland,27169
728,Mercedes-Benz,C-Class,2009,16,265673,Diesel,Automatic,RWD,2.6,206,4,sedan,good,Bydgoszcz,Poland,22239
729,Skoda,Octavia,2015,10,131782,Petrol,Automatic,FWD,1.6,167,4,liftback,fair,Białystok,Poland,26645
730,Peugeot,308,2022,3,104111,Diesel,Automatic,FWD,2.2,179,4,hatchback,fair,Katowice,Poland,64252
731,Dacia,Duster,2008,17,374430,Petrol,Manual,FWD,1.2,108,4,suv,fair,Poznań,Poland,4529
732,Toyota,Corolla,2017,8,120751,Hybrid,Automatic,FWD,0.9,106,4,sedan,good,Lublin,Poland,39405
733,Mazda,6,2014,11,108365,Diesel,Manual,FWD,1.6,123,4,sedan,good,Poznań,Poland,35644
734,Renault,Megane,2017,8,141393,Petrol,Manual,FWD,1.3,133,4,hatchback,fair,Gdańsk,Poland,29718
735,Renault,Megane,2018,7,77736,Petrol,Manual,FWD,1.0,86,4,hatchback,good,Szczecin,Poland,37964
736,Peugeot,308,2012,13,407045,Petrol,Automatic,FWD,1.5,156,4,hatchback,poor,Lublin,Poland,7610
737,Toyota,Corolla,2018,7,30258,Petrol,Automatic,FWD,1.7,148,4,sedan,good,Warszawa,Poland,61678
738,Toyota,RAV4,2011,14,184885,Petrol,Automatic,AWD,1.5,154,4,suv,excellent,Szczecin,Poland,25816
739,Volkswagen,Passat,2015,10,136717,LPG,Manual,FWD,1.3,191,4,sedan,fair,Łódź,Poland,21619
740,Kia,Ceed,2011,14,299408,Petrol,Automatic,FWD,1.3,105,3,hatchback,good,Rzeszów,Poland,9900
741,Audi,A4,2015,10,209186,Petrol,Automatic,FWD,2.2,218,4,sedan,fair,Rzeszów,Poland,34238
742,Toyota,Corolla,2012,13,261000,Petrol,Manual,FWD,0.9,138,4,sedan,excellent,Szczecin,Poland,13871
743,Opel,Astra,2022,3,60840,Diesel,Automatic,FWD,1.6,128,4,hatchback,good,Bydgoszcz,Poland,39234
744,Hyundai,i30,2014,11,109644,Petrol,Automatic,FWD,1.0,144,4,hatchback,good,Wrocław,Poland,22777
745,Kia,Ceed,2012,13,307960,Petrol,Manual,FWD,1.4,123,4,hatchback,fair,Lublin,Poland,9857
746,Hyundai,i30,2020,5,52280,Petrol,Automatic,FWD,1.3,158,4,hatchback,fair,Wrocław,Poland,64169
747,Ford,Focus,2023,2,5000,Diesel,Automatic,FWD,1.9,150,4,hatchback,good,Katowice,Poland,71945
748,Tesla,Model 3,2019,6,118583,Electric,Automatic,RWD,0.0,328,0,sedan,fair,Białystok,Poland,71571
749,Toyota,Yaris,2017,8,156686,Diesel,Automatic,FWD,1.0,130,4,hatchback,poor,Warszawa,Poland,16934
750,Opel,Astra,2013,12,253560,Petrol,Manual,FWD,0.9,93,4,hatchback,fair,Szczecin,Poland,11590
751,Skoda,Octavia,2023,2,59883,Diesel,Automatic,FWD,1.8,157,4,liftback,fair,Katowice,Poland,60390
752,Dacia,Duster,2013,12,92379,LPG,Manual,AWD,0.9,101,3,suv,fair,Katowice,Poland,10297
753,Opel,Astra,2015,10,120545,Diesel,Automatic,FWD,1.8,134,4,hatchback,excellent,Rzeszów,Poland,27618
754,Tesla,Model 3,2018,7,144661,Electric,Automatic,RWD,0.0,296,0,sedan,fair,Warszawa,Poland,66515
755,Renault,Megane,2018,7,149203,Petrol,Automatic,FWD,1.8,159,4,hatchback,fair,Kraków,Poland,26508
756,Volkswagen,Golf,2013,12,122897,LPG,Automatic,FWD,2.3,158,4,hatchback,good,Rzeszów,Poland,25787
757,Audi,A4,2014,11,264644,Petrol,Automatic,FWD,2.6,273,6,sedan,good,Szczecin,Poland,52088
758,Toyota,RAV4,2015,10,286868,Diesel,Automatic,AWD,1.1,120,4,suv,good,Wrocław,Poland,31232
759,Peugeot,308,2015,10,69700,Diesel,Manual,FWD,1.3,130,4,hatchback,fair,Lublin,Poland,21078
760,Ford,Focus,2011,14,415744,Diesel,Manual,FWD,0.9,108,3,hatchback,good,Wrocław,Poland,10689
761,Kia,Ceed,2008,17,378154,Petrol,Manual,FWD,1.1,111,3,hatchback,good,Warszawa,Poland,6972
762,Volkswagen,Passat,2016,9,209764,Diesel,Automatic,FWD,1.6,154,4,sedan,fair,Gdańsk,Poland,36961
763,Opel,Astra,2025,0,7853,Diesel,Automatic,FWD,1.1,111,4,hatchback,excellent,Szczecin,Poland,80396
764,Skoda,Octavia,2010,15,271414,Petrol,Manual,FWD,1.0,118,3,liftback,fair,Łódź,Poland,11217
765,Hyundai,i30,2017,8,77234,Petrol,Automatic,FWD,1.4,160,4,hatchback,good,Poznań,Poland,37918
766,Dacia,Duster,2020,5,156309,Petrol,Manual,FWD,1.8,123,4,suv,fair,Lublin,Poland,23083
767,Dacia,Duster,2017,8,213091,Petrol,Manual,FWD,1.1,121,4,suv,poor,Łódź,Poland,13824
768,Kia,Ceed,2021,4,38485,Petrol,Automatic,FWD,1.7,132,4,hatchback,fair,Łódź,Poland,49907
769,Renault,Megane,2013,12,239178,Diesel,Manual,FWD,1.2,122,4,hatchback,excellent,Szczecin,Poland,15054
770,Toyota,RAV4,2008,17,420000,LPG,Manual,AWD,1.9,169,4,suv,poor,Gdańsk,Poland,8649
771,Toyota,Corolla,2012,13,279083,Petrol,Automatic,FWD,0.9,90,3,sedan,good,Szczecin,Poland,14581
772,Audi,A4,2016,9,70672,Petrol,Automatic,FWD,2.0,198,6,sedan,excellent,Gdańsk,Poland,59464
773,Renault,Megane,2016,9,95894,Petrol,Automatic,FWD,1.5,132,4,hatchback,fair,Kraków,Poland,24060
774,Toyota,Yaris,2014,11,284954,Petrol,Automatic,FWD,0.9,116,3,hatchback,fair,Lublin,Poland,12050
775,Toyota,Corolla,2013,12,73026,Hybrid,Automatic,FWD,1.0,138,4,sedan,good,Warszawa,Poland,20508
776,Peugeot,308,2014,11,140851,Petrol,Automatic,FWD,1.2,161,4,hatchback,fair,Bydgoszcz,Poland,23549
777,Volkswagen,Golf,2015,10,166031,Petrol,Automatic,FWD,1.4,144,4,hatchback,poor,Białystok,Poland,20586
778,Dacia,Duster,2013,12,162613,Diesel,Automatic,FWD,1.1,108,4,suv,fair,Warszawa,Poland,9768
779,Volkswagen,Golf,2011,14,162946,Petrol,Manual,FWD,1.8,180,6,hatchback,fair,Łódź,Poland,13093
780,Opel,Astra,2015,10,167215,Diesel,Manual,FWD,1.6,138,4,hatchback,fair,Poznań,Poland,14644
781,Volkswagen,Passat,2020,5,125630,Diesel,Automatic,FWD,1.3,160,4,sedan,fair,Rzeszów,Poland,44158
782,Nissan,Qashqai,2013,12,274590,Petrol,Automatic,FWD,1.8,152,4,suv,good,Kraków,Poland,17579
783,Mercedes-Benz,C-Class,2021,4,84911,Petrol,Manual,RWD,2.2,240,4,sedan,excellent,Rzeszów,Poland,129798
784,Volkswagen,Golf,2018,7,145940,Diesel,Automatic,FWD,2.0,178,4,hatchback,fair,Warszawa,Poland,29268
785,Renault,Megane,2017,8,167005,Diesel,Automatic,FWD,1.0,104,4,hatchback,good,Warszawa,Poland,27717
786,Volkswagen,Golf,2015,10,198504,Diesel,Manual,FWD,1.4,116,3,hatchback,good,Poznań,Poland,17106
787,Skoda,Octavia,2014,11,167329,Petrol,Manual,FWD,1.1,133,4,liftback,good,Poznań,Poland,26430
788,BMW,3 Series,2008,17,243153,Petrol,Automatic,RWD,2.4,206,4,sedan,poor,Warszawa,Poland,16412
789,Ford,Focus,2018,7,47028,LPG,Manual,FWD,1.8,165,4,hatchback,good,Katowice,Poland,38535
790,Toyota,Corolla,2012,13,299861,Petrol,Manual,FWD,1.5,121,4,sedan,excellent,Wrocław,Poland,15101
791,Audi,A4,2018,7,94341,Petrol,Manual,FWD,2.2,218,6,sedan,excellent,Poznań,Poland,76261
792,Ford,Focus,2008,17,265839,Diesel,Automatic,FWD,0.9,106,4,hatchback,good,Wrocław,Poland,8500
793,Skoda,Octavia,2012,13,327229,LPG,Manual,FWD,2.0,166,4,liftback,fair,Lublin,Poland,12287
794,Toyota,Yaris,2020,5,86427,Diesel,Automatic,FWD,1.1,130,4,hatchback,good,Rzeszów,Poland,38270
795,Renault,Megane,2008,17,264481,Petrol,Automatic,FWD,0.9,119,4,hatchback,good,Kraków,Poland,7470
796,BMW,3 Series,2008,17,150134,Diesel,Manual,RWD,3.4,270,6,sedan,fair,Katowice,Poland,20192
797,Toyota,Corolla,2020,5,75425,Petrol,Manual,FWD,1.6,137,4,sedan,excellent,Poznań,Poland,39140
798,Fiat,Tipo,2012,13,150213,Petrol,Manual,FWD,1.2,90,3,sedan,fair,Lublin,Poland,12132
799,Hyundai,i30,2013,12,202705,Petrol,Manual,FWD,1.6,116,4,hatchback,fair,Bydgoszcz,Poland,13358
800,Renault,Megane,2020,5,55189,Petrol,Automatic,FWD,1.4,158,4,hatchback,excellent,Gdańsk,Poland,58098
801,Nissan,Qashqai,2012,13,292176,Petrol,Manual,AWD,1.7,151,4,suv,good,Łódź,Poland,16729
802,Tesla,Model 3,2018,7,87160,Electric,Manual,RWD,0.0,290,0,sedan,good,Wrocław,Poland,82820
803,Opel,Astra,2022,3,49650,Petrol,Automatic,FWD,1.7,152,4,hatchback,fair,Katowice,Poland,49763
804,Toyota,Yaris,2016,9,134932,Petrol,Automatic,FWD,1.3,127,4,hatchback,fair,Katowice,Poland,24761
805,Mazda,6,2015,10,135685,Diesel,Automatic,FWD,2.3,189,4,sedan,poor,Bydgoszcz,Poland,22220
806,Dacia,Duster,2016,9,164847,Hybrid,Automatic,FWD,0.9,90,4,suv,fair,Bydgoszcz,Poland,18308
807,Toyota,Corolla,2021,4,102502,Diesel,Automatic,FWD,2.2,168,4,sedan,good,Kraków,Poland,59192
808,Dacia,Duster,2011,14,260157,Petrol,Automatic,FWD,1.0,150,4,suv,fair,Wrocław,Poland,8012
809,Volkswagen,Golf,2016,9,220562,Petrol,Manual,FWD,1.1,93,3,hatchback,poor,Gdańsk,Poland,20125
810,Dacia,Duster,2016,9,66541,LPG,Manual,AWD,0.9,90,3,suv,fair,Kraków,Poland,20994
811,Opel,Astra,2012,13,233495,Petrol,Automatic,FWD,1.3,139,4,hatchback,poor,Katowice,Poland,8935
812,Toyota,RAV4,2018,7,108588,Hybrid,Automatic,AWD,1.7,189,4,suv,poor,Warszawa,Poland,43226
813,Opel,Astra,2014,11,212940,Diesel,Manual,FWD,1.6,154,4,hatchback,excellent,Gdańsk,Poland,14677
814,Nissan,Qashqai,2025,0,7748,Petrol,Automatic,FWD,1.8,161,4,suv,new,Katowice,Poland,187479
815,Mercedes-Benz,C-Class,2015,10,147523,Diesel,Automatic,RWD,2.0,217,6,sedan,good,Rzeszów,Poland,66859
816,Toyota,RAV4,2016,9,84014,Hybrid,Automatic,AWD,1.1,120,4,suv,fair,Szczecin,Poland,42258
817,Hyundai,i30,2010,15,420000,Petrol,Manual,FWD,2.4,160,4,hatchback,fair,Szczecin,Poland,8174
818,Volkswagen,Passat,2013,12,158806,Petrol,Automatic,FWD,1.8,178,4,sedan,good,Bydgoszcz,Poland,30177
819,Renault,Megane,2018,7,113737,Petrol,Manual,FWD,1.0,160,4,hatchback,fair,Poznań,Poland,26675
820,Dacia,Duster,2009,16,118248,Petrol,Automatic,FWD,0.9,90,4,suv,fair,Kraków,Poland,6785
821,Hyundai,i30,2017,8,154626,Petrol,Manual,FWD,1.4,149,4,hatchback,good,Katowice,Poland,25351
822,Volkswagen,Golf,2012,13,336116,Petrol,Automatic,FWD,1.3,164,4,hatchback,poor,Bydgoszcz,Poland,14290
823,Toyota,Yaris,2011,14,270004,Diesel,Automatic,FWD,1.0,70,3,hatchback,good,Rzeszów,Poland,8961
824,Opel,Astra,2008,17,180102,Petrol,Manual,FWD,1.7,167,4,hatchback,good,Poznań,Poland,9114
825,Skoda,Octavia,2021,4,95350,LPG,Automatic,FWD,1.6,200,6,liftback,poor,Kraków,Poland,42715
826,Toyota,Yaris,2014,11,165580,Diesel,Manual,FWD,1.5,130,4,hatchback,fair,Bydgoszcz,Poland,14736
827,Audi,A4,2012,13,244801,Petrol,Automatic,FWD,2.6,216,6,sedan,fair,Gdańsk,Poland,19810
828,Toyota,Corolla,2016,9,211028,Petrol,Manual,FWD,0.9,118,4,sedan,good,Rzeszów,Poland,22128
829,Volkswagen,Golf,2015,10,294788,Petrol,Automatic,FWD,1.3,118,3,hatchback,fair,Katowice,Poland,19812
830,Volkswagen,Passat,2015,10,265086,Diesel,Automatic,FWD,2.1,214,4,sedan,excellent,Kraków,Poland,43220
831,Volkswagen,Golf,2017,8,162030,Petrol,Manual,FWD,2.3,180,6,hatchback,fair,Katowice,Poland,24619
832,Mazda,6,2021,4,90885,Petrol,Manual,FWD,1.3,175,4,sedan,excellent,Warszawa,Poland,72869
833,Nissan,Qashqai,2016,9,196914,Petrol,Automatic,AWD,1.9,190,4,suv,fair,Łódź,Poland,19697
834,Opel,Astra,2016,9,60372,Petrol,Automatic,FWD,1.8,127,4,hatchback,good,Białystok,Poland,24718
835,Kia,Ceed,2008,17,339052,Petrol,Automatic,FWD,0.9,90,4,hatchback,fair,Szczecin,Poland,5902
836,Toyota,RAV4,2020,5,91054,LPG,Manual,AWD,1.4,167,4,suv,excellent,Rzeszów,Poland,69269
837,Mazda,6,2017,8,107773,Diesel,Automatic,FWD,2.0,166,4,sedan,good,Łódź,Poland,55500
838,Opel,Astra,2017,8,178742,Diesel,Manual,FWD,1.7,152,4,hatchback,good,Kraków,Poland,18299
839,Fiat,Tipo,2022,3,77546,Petrol,Automatic,FWD,1.4,130,4,sedan,excellent,Białystok,Poland,36087
840,Ford,Focus,2010,15,219736,Petrol,Manual,FWD,1.6,129,4,hatchback,excellent,Rzeszów,Poland,12311
841,Kia,Ceed,2021,4,96500,Petrol,Manual,FWD,0.9,126,4,hatchback,good,Łódź,Poland,39805
842,Nissan,Leaf,2025,0,12251,Electric,Automatic,FWD,0.0,160,0,hatchback,excellent,Warszawa,Poland,152470
843,Volkswagen,Passat,2015,10,125279,Petrol,Automatic,FWD,1.6,167,4,sedan,poor,Szczecin,Poland,36169
844,Fiat,Tipo,2014,11,167772,Electric,Manual,FWD,0.0,120,0,sedan,fair,Lublin,Poland,15035
845,Nissan,Qashqai,2017,8,132255,Petrol,Automatic,AWD,1.6,137,4,suv,fair,Kraków,Poland,31242
846,Toyota,Corolla,2009,16,374298,Diesel,Manual,FWD,1.4,140,4,sedan,good,Szczecin,Poland,7990
847,Audi,A4,2019,6,122993,Petrol,Automatic,FWD,2.3,249,6,sedan,good,Łódź,Poland,92714
848,Opel,Astra,2015,10,310459,Diesel,Manual,FWD,1.8,133,4,hatchback,excellent,Rzeszów,Poland,16981
849,Volkswagen,Passat,2021,4,96429,LPG,Automatic,FWD,2.1,225,4,sedan,good,Lublin,Poland,54106
850,Nissan,Qashqai,2021,4,5000,Electric,Automatic,AWD,0.0,190,0,suv,good,Bydgoszcz,Poland,95131
851,Mazda,6,2011,14,289920,Hybrid,Automatic,FWD,2.2,160,4,sedan,fair,Wrocław,Poland,18075
852,Volkswagen,Golf,2016,9,245785,Petrol,Manual,FWD,1.7,180,4,hatchback,poor,Szczecin,Poland,18933
853,Skoda,Octavia,2018,7,14705,Diesel,Automatic,FWD,1.6,163,4,liftback,fair,Wrocław,Poland,33195
854,Dacia,Duster,2013,12,304457,Petrol,Automatic,FWD,1.1,90,4,suv,good,Bydgoszcz,Poland,10956
855,Dacia,Duster,2014,11,318436,Petrol,Automatic,FWD,1.8,144,4,suv,fair,Białystok,Poland,9726
856,Dacia,Duster,2012,13,324490,Electric,Automatic,FWD,0.0,150,0,suv,poor,Rzeszów,Poland,6352
857,BMW,3 Series,2014,11,167528,Petrol,Automatic,RWD,1.7,223,4,sedan,fair,Gdańsk,Poland,60747
858,Dacia,Duster,2019,6,98967,Diesel,Automatic,AWD,1.3,133,4,suv,good,Katowice,Poland,32518
859,Mazda,6,2011,14,289972,Petrol,Manual,FWD,1.4,174,4,sedan,good,Białystok,Poland,24540
860,Toyota,RAV4,2019,6,118787,Petrol,Automatic,AWD,1.9,158,4,suv,good,Lublin,Poland,50450
861,Mercedes-Benz,C-Class,2018,7,194873,Diesel,Automatic,RWD,3.3,254,6,sedan,fair,Lublin,Poland,65828
862,Audi,A4,2020,5,139854,Petrol,Automatic,FWD,2.3,243,4,sedan,good,Szczecin,Poland,88975
863,Ford,Focus,2012,13,188823,Diesel,Automatic,FWD,1.7,131,4,hatchback,poor,Bydgoszcz,Poland,10271
864,Skoda,Octavia,2019,6,5000,Diesel,Automatic,FWD,2.2,157,4,liftback,excellent,Katowice,Poland,48840
865,Tesla,Model 3,2019,6,88448,Electric,Automatic,RWD,0.0,303,0,sedan,fair,Gdańsk,Poland,102773
866,Renault,Megane,2020,5,69477,LPG,Automatic,FWD,0.9,103,4,hatchback,poor,Łódź,Poland,33070
867,Ford,Focus,2022,3,86067,LPG,Automatic,FWD,1.6,145,4,hatchback,good,Poznań,Poland,47929
868,Audi,A4,2018,7,117157,Diesel,Manual,FWD,2.7,282,6,sedan,good,Kraków,Poland,70196
869,Kia,Ceed,2015,10,246277,LPG,Automatic,FWD,1.5,103,4,hatchback,good,Gdańsk,Poland,17207
870,BMW,3 Series,2017,8,11474,Petrol,Manual,RWD,2.8,250,6,sedan,good,Lublin,Poland,86016
871,Toyota,Corolla,2025,0,10866,Petrol,Manual,FWD,1.7,155,4,sedan,excellent,Poznań,Poland,96590
872,Renault,Megane,2020,5,110295,LPG,Manual,FWD,1.5,148,4,hatchback,fair,Lublin,Poland,32745
873,BMW,3 Series,2021,4,82329,Petrol,Automatic,RWD,2.4,245,6,sedan,good,Katowice,Poland,100630
874,Volkswagen,Golf,2017,8,134529,Petrol,Automatic,FWD,1.1,127,4,hatchback,good,Katowice,Poland,36868
875,Skoda,Octavia,2020,5,27901,Hybrid,Manual,FWD,2.0,146,4,liftback,excellent,Rzeszów,Poland,56471
876,Mazda,6,2015,10,174347,Petrol,Automatic,FWD,1.7,177,4,sedan,poor,Szczecin,Poland,24268
877,Hyundai,i30,2018,7,54048,Petrol,Manual,FWD,2.0,160,4,hatchback,good,Łódź,Poland,34650
878,Opel,Astra,2017,8,143729,Diesel,Automatic,FWD,1.4,162,4,hatchback,good,Warszawa,Poland,31637
879,Kia,Ceed,2016,9,6489,Petrol,Manual,FWD,1.4,99,4,hatchback,fair,Lublin,Poland,19362
880,Toyota,Corolla,2021,4,103085,Petrol,Manual,FWD,1.5,163,4,sedan,excellent,Łódź,Poland,37951
881,Renault,Megane,2022,3,44558,Petrol,Automatic,FWD,1.8,160,4,hatchback,excellent,Wrocław,Poland,53639
882,Hyundai,i30,2018,7,137241,Petrol,Manual,FWD,1.3,112,4,hatchback,fair,Lublin,Poland,20295
883,Ford,Focus,2020,5,132469,Diesel,Manual,FWD,1.3,133,4,hatchback,excellent,Poznań,Poland,46501
884,Mazda,6,2012,13,287764,Diesel,Automatic,FWD,2.0,196,4,sedan,poor,Łódź,Poland,13745
885,Toyota,RAV4,2015,10,14658,Diesel,Manual,AWD,1.7,171,4,suv,good,Gdańsk,Poland,48102
886,Peugeot,308,2022,3,48856,Diesel,Automatic,FWD,2.0,180,6,hatchback,excellent,Łódź,Poland,61180
887,Volkswagen,Golf,2008,17,420000,Petrol,Automatic,FWD,1.7,131,4,hatchback,good,Gdańsk,Poland,8578
888,Toyota,Yaris,2012,13,262558,Diesel,Automatic,FWD,1.7,94,4,hatchback,fair,Katowice,Poland,9208
889,Skoda,Octavia,2019,6,146336,LPG,Automatic,FWD,1.4,156,4,liftback,good,Bydgoszcz,Poland,41955
890,Toyota,Yaris,2018,7,210495,Petrol,Automatic,FWD,1.3,125,4,hatchback,good,Gdańsk,Poland,28073
891,Volkswagen,Passat,2011,14,356195,Petrol,Manual,FWD,2.7,212,4,sedan,poor,Białystok,Poland,11587
892,Opel,Astra,2008,17,201728,Petrol,Automatic,FWD,1.8,177,4,hatchback,excellent,Warszawa,Poland,12063
893,Volkswagen,Passat,2013,12,231283,Diesel,Manual,FWD,1.7,174,4,sedan,fair,Białystok,Poland,23269
894,Peugeot,308,2017,8,137866,Petrol,Manual,FWD,1.6,139,4,hatchback,excellent,Poznań,Poland,25163
895,Fiat,Tipo,2018,7,83287,Diesel,Manual,FWD,1.9,130,4,sedan,good,Kraków,Poland,29226
896,Audi,A4,2013,12,289409,LPG,Automatic,FWD,2.2,245,4,sedan,good,Poznań,Poland,37402
897,Toyota,RAV4,2021,4,10129,Hybrid,Manual,AWD,1.8,199,4,suv,new,Bydgoszcz,Poland,166381
898,Opel,Astra,2012,13,237144,Petrol,Manual,FWD,1.5,155,4,hatchback,good,Szczecin,Poland,13609
899,Peugeot,308,2010,15,130861,LPG,Manual,FWD,1.9,169,4,hatchback,good,Lublin,Poland,12139
900,Ford,Focus,2016,9,277192,Diesel,Automatic,FWD,0.9,108,3,hatchback,excellent,Białystok,Poland,26691
901,Renault,Megane,2021,4,95027,LPG,Manual,FWD,1.6,144,4,hatchback,excellent,Poznań,Poland,52000
902,Skoda,Octavia,2025,0,11486,Diesel,Manual,FWD,2.5,173,4,liftback,good,Bydgoszcz,Poland,100439
903,Toyota,Yaris,2018,7,146566,Hybrid,Manual,FWD,0.9,109,4,hatchback,fair,Lublin,Poland,22613
904,Skoda,Octavia,2021,4,85517,LPG,Automatic,FWD,1.8,175,4,liftback,fair,Rzeszów,Poland,44556
905,Renault,Megane,2018,7,96566,Diesel,Manual,FWD,1.3,160,4,hatchback,good,Bydgoszcz,Poland,25019
906,Volkswagen,Golf,2017,8,137287,LPG,Manual,FWD,0.9,100,4,hatchback,poor,Lublin,Poland,21813
907,Dacia,Duster,2015,10,298927,Petrol,Automatic,AWD,1.5,150,4,suv,fair,Lublin,Poland,13381
908,Audi,A4,2013,12,115421,Diesel,Automatic,FWD,2.1,190,4,sedan,fair,Warszawa,Poland,41262
909,Peugeot,308,2015,10,59833,Diesel,Automatic,FWD,1.7,139,4,hatchback,fair,Kraków,Poland,21192
910,BMW,3 Series,2013,12,234320,Petrol,Automatic,RWD,3.4,286,6,sedan,poor,Gdańsk,Poland,20266
911,Nissan,Qashqai,2023,2,61827,Petrol,Automatic,FWD,1.5,159,4,suv,good,Poznań,Poland,96792
912,Dacia,Duster,2012,13,366575,Diesel,Manual,AWD,1.2,93,4,suv,excellent,Szczecin,Poland,8163
913,Kia,Ceed,2008,17,250567,Petrol,Manual,FWD,1.3,115,4,hatchback,good,Bydgoszcz,Poland,8053
914,Kia,Ceed,2010,15,391735,Diesel,Manual,FWD,1.0,112,4,hatchback,poor,Poznań,Poland,6212
915,Hyundai,i30,2016,9,174596,Diesel,Automatic,FWD,1.6,151,4,hatchback,fair,Gdańsk,Poland,20576
916,Nissan,Qashqai,2017,8,211057,Petrol,Automatic,FWD,1.3,144,4,suv,fair,Rzeszów,Poland,26657
917,Skoda,Octavia,2019,6,78982,LPG,Manual,FWD,1.5,104,4,liftback,fair,Katowice,Poland,36580
918,Nissan,Qashqai,2012,13,272915,Petrol,Automatic,FWD,1.3,145,4,suv,fair,Łódź,Poland,11339
919,Mercedes-Benz,C-Class,2012,13,298372,LPG,Automatic,RWD,2.7,224,6,sedan,fair,Lublin,Poland,26165
920,Volkswagen,Passat,2010,15,420000,LPG,Manual,FWD,2.2,207,4,sedan,good,Białystok,Poland,12782
921,Mercedes-Benz,C-Class,2018,7,14132,Petrol,Automatic,RWD,2.5,237,6,sedan,excellent,Białystok,Poland,110922
922,BMW,3 Series,2014,11,173374,Diesel,Automatic,RWD,2.1,224,6,sedan,poor,Łódź,Poland,34352
923,Toyota,Yaris,2011,14,224337,Petrol,Automatic,FWD,0.9,82,4,hatchback,good,Szczecin,Poland,12718
924,Tesla,Model 3,2018,7,62167,Electric,Automatic,RWD,0.0,348,0,sedan,good,Bydgoszcz,Poland,81433
925,Kia,Ceed,2015,10,81827,Petrol,Automatic,FWD,1.2,143,4,hatchback,excellent,Białystok,Poland,28051
926,Ford,Focus,2011,14,366087,Petrol,Manual,FWD,1.6,138,4,hatchback,fair,Łódź,Poland,9889
927,Mercedes-Benz,C-Class,2017,8,120542,Diesel,Manual,RWD,2.9,238,4,sedan,good,Łódź,Poland,86240
928,BMW,3 Series,2014,11,153357,LPG,Automatic,RWD,2.2,267,6,sedan,fair,Bydgoszcz,Poland,40394
929,Renault,Megane,2017,8,176410,Diesel,Manual,FWD,1.4,153,4,hatchback,good,Lublin,Poland,26218
930,Mercedes-Benz,C-Class,2013,12,243171,Diesel,Automatic,RWD,2.1,231,6,sedan,fair,Gdańsk,Poland,28121
931,Ford,Focus,2020,5,87266,Petrol,Manual,FWD,2.2,177,4,hatchback,fair,Gdańsk,Poland,47581
932,Kia,Ceed,2012,13,143347,Petrol,Manual,FWD,1.5,122,4,hatchback,poor,Gdańsk,Poland,9652
933,Renault,Megane,2017,8,20951,Petrol,Manual,FWD,0.9,90,4,hatchback,good,Poznań,Poland,30934
934,Kia,Ceed,2023,2,51103,Petrol,Manual,FWD,1.1,109,4,hatchback,poor,Kraków,Poland,53911
935,Ford,Focus,2015,10,216082,LPG,Automatic,FWD,1.0,151,4,hatchback,good,Bydgoszcz,Poland,16556
936,Dacia,Duster,2008,17,337435,Petrol,Automatic,AWD,1.1,110,4,suv,poor,Poznań,Poland,3887
937,Toyota,RAV4,2011,14,215225,Diesel,Manual,AWD,1.8,145,4,suv,poor,Łódź,Poland,13521
938,Renault,Megane,2018,7,120741,Diesel,Automatic,FWD,1.1,160,4,hatchback,fair,Kraków,Poland,26468
939,Toyota,RAV4,2010,15,346600,Petrol,Automatic,AWD,1.9,204,4,suv,fair,Bydgoszcz,Poland,16136
940,Toyota,Yaris,2013,12,270191,Petrol,Manual,FWD,0.9,93,4,hatchback,excellent,Białystok,Poland,15966
941,BMW,3 Series,2017,8,226318,Petrol,Manual,RWD,2.9,266,6,sedan,excellent,Bydgoszcz,Poland,79814
942,Volkswagen,Passat,2017,8,194037,Diesel,Automatic,FWD,1.7,183,6,sedan,poor,Wrocław,Poland,40084
943,Kia,Ceed,2016,9,209111,Petrol,Manual,FWD,1.5,151,4,hatchback,fair,Poznań,Poland,22207
944,Kia,Ceed,2018,7,242751,LPG,Automatic,FWD,0.9,98,4,hatchback,good,Poznań,Poland,22764
945,Volkswagen,Golf,2019,6,67608,Diesel,Manual,FWD,1.3,124,4,hatchback,excellent,Bydgoszcz,Poland,45810
946,Peugeot,308,2017,8,170420,Diesel,Manual,FWD,1.7,161,4,hatchback,fair,Lublin,Poland,27641
947,Audi,A4,2021,4,108580,LPG,Manual,FWD,2.5,259,6,sedan,fair,Gdańsk,Poland,69017
948,Toyota,Corolla,2016,9,159685,Hybrid,Automatic,FWD,1.7,131,4,sedan,fair,Bydgoszcz,Poland,22756
949,Volkswagen,Golf,2013,12,249286,Petrol,Manual,FWD,1.5,120,4,hatchback,excellent,Katowice,Poland,14043
950,Volkswagen,Golf,2017,8,25468,Petrol,Automatic,FWD,1.6,149,4,hatchback,fair,Białystok,Poland,33139
951,Renault,Megane,2009,16,406626,Petrol,Automatic,FWD,1.5,114,4,hatchback,good,Katowice,Poland,7560
952,Audi,A4,2012,13,192522,Petrol,Manual,FWD,2.6,234,6,sedan,poor,Gdańsk,Poland,19085
953,Fiat,Tipo,2011,14,332043,Petrol,Manual,FWD,1.5,124,4,sedan,excellent,Kraków,Poland,7919
954,Toyota,Corolla,2014,11,87044,Diesel,Manual,FWD,1.3,127,4,sedan,good,Poznań,Poland,18069
955,Tesla,Model 3,2018,7,87736,Electric,Manual,RWD,0.0,274,0,sedan,fair,Gdańsk,Poland,85477
956,Mazda,6,2015,10,163629,LPG,Automatic,FWD,0.9,121,4,sedan,good,Poznań,Poland,29102
957,Skoda,Octavia,2018,7,163196,Petrol,Automatic,FWD,1.2,161,4,liftback,good,Łódź,Poland,31724
958,Volkswagen,Passat,2011,14,261993,LPG,Manual,FWD,2.2,172,4,sedan,good,Wrocław,Poland,20099
959,Toyota,Corolla,2013,12,247982,Petrol,Manual,FWD,0.9,124,4,sedan,fair,Gdańsk,Poland,11623
960,Peugeot,308,2022,3,47127,Petrol,Manual,FWD,1.3,128,4,hatchback,fair,Warszawa,Poland,44301
961,Hyundai,i30,2013,12,184850,Diesel,Automatic,FWD,2.0,130,4,hatchback,good,Bydgoszcz,Poland,16326
962,Opel,Astra,2014,11,14250,Petrol,Manual,FWD,1.5,157,4,hatchback,excellent,Białystok,Poland,22088
963,Nissan,Leaf,2012,13,258912,Electric,Manual,FWD,0.0,141,0,hatchback,fair,Wrocław,Poland,20284
964,Kia,Ceed,2020,5,87501,Diesel,Automatic,FWD,1.1,136,4,hatchback,fair,Gdańsk,Poland,36623
965,Skoda,Octavia,2009,16,130687,Petrol,Manual,FWD,1.3,149,4,liftback,excellent,Warszawa,Poland,12324
966,Toyota,Corolla,2014,11,398308,Petrol,Automatic,FWD,1.5,153,4,sedan,fair,Warszawa,Poland,21442
967,Dacia,Duster,2014,11,56814,LPG,Manual,AWD,1.4,150,4,suv,fair,Białystok,Poland,14235
968,Volkswagen,Passat,2019,6,166522,Petrol,Manual,FWD,1.9,194,6,sedan,fair,Gdańsk,Poland,50047
969,Fiat,Tipo,2014,11,292504,Petrol,Manual,FWD,1.1,130,4,sedan,fair,Bydgoszcz,Poland,10996
970,Volkswagen,Passat,2017,8,131397,Diesel,Automatic,FWD,1.3,149,4,sedan,fair,Wrocław,Poland,35171
971,Peugeot,308,2022,3,73712,Petrol,Manual,FWD,1.4,150,4,hatchback,excellent,Rzeszów,Poland,43107
972,Kia,Ceed,2021,4,16942,Petrol,Manual,FWD,1.7,149,4,hatchback,excellent,Lublin,Poland,53699
973,Kia,Ceed,2023,2,54634,Petrol,Manual,FWD,1.3,112,4,hatchback,fair,Kraków,Poland,56920
974,Toyota,Corolla,2017,8,154597,Petrol,Manual,FWD,1.0,105,4,sedan,fair,Warszawa,Poland,21427
975,Mazda,6,2014,11,122180,Petrol,Manual,FWD,1.5,162,4,sedan,poor,Katowice,Poland,19875
976,Opel,Astra,2011,14,345230,Diesel,Automatic,FWD,1.7,134,4,hatchback,poor,Gdańsk,Poland,6448
977,Opel,Astra,2013,12,271401,Petrol,Manual,FWD,1.3,127,4,hatchback,good,Lublin,Poland,17403
978,Skoda,Octavia,2009,16,336603,LPG,Manual,FWD,1.1,123,4,liftback,excellent,Lublin,Poland,7322
979,Audi,A4,2016,9,95144,Petrol,Automatic,FWD,2.4,243,4,sedan,fair,Lublin,Poland,56538
980,Mazda,6,2015,10,219395,Petrol,Automatic,FWD,1.8,182,6,sedan,good,Łódź,Poland,33248
981,Volkswagen,Passat,2010,15,248009,Petrol,Manual,FWD,2.1,207,6,sedan,good,Wrocław,Poland,12884
982,Toyota,RAV4,2025,0,9086,Hybrid,Automatic,AWD,1.8,220,6,suv,new,Warszawa,Poland,224145
983,BMW,3 Series,2015,10,218660,Petrol,Automatic,RWD,2.4,259,6,sedan,good,Gdańsk,Poland,41630
984,Peugeot,308,2019,6,175913,Petrol,Manual,FWD,1.7,154,4,hatchback,fair,Lublin,Poland,30420
985,Renault,Megane,2018,7,60937,Hybrid,Automatic,FWD,0.9,114,4,hatchback,excellent,Kraków,Poland,35061
986,Tesla,Model 3,2020,5,83321,Electric,Automatic,RWD,0.0,276,0,sedan,good,Kraków,Poland,99339
987,Toyota,Corolla,2016,9,124356,Hybrid,Automatic,FWD,2.3,167,4,sedan,good,Szczecin,Poland,31362
988,Dacia,Duster,2014,11,131501,Petrol,Automatic,FWD,1.5,100,3,suv,poor,Lublin,Poland,10025
989,Dacia,Duster,2020,5,89572,Petrol,Manual,AWD,1.4,111,4,suv,poor,Kraków,Poland,23024
990,Mazda,6,2012,13,318120,Petrol,Manual,FWD,1.8,177,4,sedan,good,Katowice,Poland,19019
991,Nissan,Leaf,2017,8,195678,Electric,Manual,FWD,0.0,131,0,hatchback,good,Rzeszów,Poland,36888
992,BMW,3 Series,2018,7,194327,Diesel,Manual,RWD,2.8,259,6,sedan,excellent,Rzeszów,Poland,69533
993,Skoda,Octavia,2014,11,24726,Diesel,Manual,FWD,1.6,147,4,liftback,excellent,Warszawa,Poland,22439
994,BMW,3 Series,2019,6,156792,Diesel,Automatic,RWD,2.1,228,4,sedan,poor,Wrocław,Poland,44210
995,Volkswagen,Golf,2015,10,156766,Petrol,Manual,FWD,1.1,180,6,hatchback,excellent,Wrocław,Poland,36036
996,Hyundai,i30,2019,6,67225,Diesel,Manual,FWD,1.7,149,4,hatchback,good,Katowice,Poland,43321
997,Mercedes-Benz,C-Class,2013,12,290155,Petrol,Automatic,RWD,2.2,210,6,sedan,good,Gdańsk,Poland,44283
998,Toyota,Corolla,2016,9,244705,Diesel,Automatic,FWD,1.8,180,4,sedan,excellent,Kraków,Poland,25727
999,Toyota,Corolla,2022,3,7668,Petrol,Automatic,FWD,1.7,148,4,sedan,fair,Poznań,Poland,54012
1000,Volkswagen,Passat,2015,10,67381,Electric,Manual,FWD,0.0,205,0,sedan,excellent,Kraków,Poland,57939
